1.719999999999999585e-01,2.680159792666153746e-06
1.929999999999999771e-01,3.022466179883117075e-06
2.479999999999999705e-01,3.074246222152349354e-06
2.499999999999999722e-01,3.074246222152349354e-06
2.599999999999999534e-01,3.074246222152349354e-06
2.699999999999999623e-01,3.074246222152349354e-06
2.799999999999999711e-01,3.074246222152349354e-06
2.899999999999999245e-01,3.074246222152349354e-06
2.999999999999999889e-01,3.074246222152349354e-06
3.019999999999999907e-01,1.823555331435185261e-06
3.029999999999999916e-01,1.332699223117707089e-06
3.039999999999999925e-01,9.535322765270914905e-07
3.059999999999999942e-01,4.370341201728658782e-07
3.069999999999999951e-01,2.800216222206656846e-07
3.079999999999999960e-01,1.717820793331658693e-07
3.099999999999999423e-01,5.697697185726602702e-08
3.119999999999999440e-01,1.394363787124975893e-08
3.139999999999999458e-01,1.770464709853800373e-09
3.159999999999999476e-01,5.958976373559549506e-11
3.169999999999999485e-01,8.906106695208458980e-12
3.179999999999999494e-01,3.992728424429319989e-13
3.199999999999999512e-01,2.875279361053614638e-11
3.209999999999999520e-01,2.332638531641251848e-09
3.219999999999999529e-01,2.333235359918835083e-08
3.239999999999999547e-01,1.977112119010588452e-06
3.259999999999999565e-01,4.197856174384333958e-05
3.279999999999999583e-01,3.810507419861137914e-04
3.299999999999999600e-01,1.871338365819805822e-03
3.309999999999999609e-01,3.416623375472422827e-03
3.319999999999999618e-01,5.846728001564429830e-03
3.339999999999999636e-01,1.295931721260453265e-02
3.349999999999999645e-01,1.743116148840430715e-02
3.359999999999999654e-01,2.306081182747621305e-02
3.379999999999999671e-01,3.509263662737254624e-02
3.389999999999999680e-01,4.131877645131654814e-02
3.399999999999999689e-01,4.840542830787186029e-02
3.419999999999999707e-01,6.195371627508969303e-02
3.439999999999999725e-01,7.502255642260294288e-02
3.459999999999999742e-01,8.772453245449390868e-02
3.479999999999999760e-01,9.848675100141954242e-02
3.499999999999999778e-01,1.088981154368172388e-01
3.519999999999999796e-01,1.175674984651752519e-01
3.539999999999999813e-01,1.260583753080377345e-01
3.559999999999999831e-01,1.333148272656318745e-01
3.579999999999999849e-01,1.405040321287109040e-01
3.599999999999999867e-01,1.463382244682390476e-01
3.619999999999999885e-01,1.520721329524625520e-01
3.639999999999999902e-01,1.570386249994812911e-01
3.649999999999999356e-01,1.591975098182052684e-01
3.659999999999999920e-01,1.613802619966624718e-01
3.679999999999999938e-01,1.651361849114378888e-01
3.699999999999999956e-01,1.701435417427190899e-01
3.719999999999999973e-01,1.755577708761754119e-01
3.739999999999999991e-01,1.803313636795023656e-01
3.759999999999999454e-01,1.844754518900865725e-01
3.779999999999999472e-01,1.903982122862363513e-01
3.799999999999999489e-01,1.962122771301374191e-01
3.819999999999999507e-01,2.022447180016991586e-01
3.839999999999999525e-01,2.081360137271562605e-01
3.859999999999999543e-01,2.150581308027622318e-01
3.869999999999999551e-01,2.183376188450049105e-01
3.879999999999999005e-01,2.216596471356770681e-01
3.899999999999999023e-01,2.291838391941789232e-01
3.909999999999999032e-01,2.329010908755925480e-01
3.919999999999999041e-01,2.366666672681631556e-01
3.939999999999999059e-01,2.443150967155084674e-01
3.949999999999999067e-01,2.481382105834820662e-01
3.959999999999999076e-01,2.520009357858079002e-01
3.979999999999999094e-01,2.591258147698490277e-01
3.999999999999999667e-01,2.679220517212793085e-01
4.009999999999999676e-01,2.965464791312243942e-01
4.019999999999999685e-01,3.068313061554449050e-01
4.029999999999999694e-01,2.888257591240406819e-01
4.039999999999999702e-01,2.386302256425471280e-01
4.049999999999999711e-01,2.506035570018906311e-01
4.059999999999999720e-01,2.764320923000027075e-01
4.069999999999999729e-01,3.016932920576670951e-01
4.079999999999999738e-01,3.315550379286938409e-01
4.089999999999999747e-01,3.395363180717114737e-01
4.100000000000000311e-01,3.295073941472224655e-01
4.110000000000000320e-01,3.081773780902444249e-01
4.120000000000000329e-01,2.940080645229876111e-01
4.130000000000000338e-01,3.167751009261862705e-01
4.140000000000000346e-01,3.042993657879380920e-01
4.150000000000000355e-01,3.005170414122323996e-01
4.160000000000000364e-01,3.306178564287585164e-01
4.169999999999999263e-01,3.383033253203993063e-01
4.179999999999999272e-01,3.404911875891282191e-01
4.189999999999999281e-01,3.616753185450952146e-01
4.199999999999999289e-01,3.790664177181864991e-01
4.209999999999999298e-01,3.407418136538375997e-01
4.219999999999999307e-01,3.342641504259779572e-01
4.229999999999999316e-01,3.661636679889869739e-01
4.239999999999999325e-01,3.764860256922810122e-01
4.249999999999999334e-01,3.542263908247724191e-01
4.259999999999999343e-01,3.717203894216710158e-01
4.269999999999999352e-01,4.094489628111676605e-01
4.279999999999999361e-01,4.195755329090118391e-01
4.289999999999999369e-01,4.243821701548780023e-01
4.299999999999999378e-01,4.243175294670953335e-01
4.309999999999999387e-01,4.158173884533552522e-01
4.319999999999999396e-01,3.917549124850158715e-01
4.329999999999999405e-01,3.949893701058545536e-01
4.339999999999999414e-01,4.283777527451089195e-01
4.349999999999999423e-01,4.499574842879052183e-01
4.359999999999999432e-01,4.572605076558939330e-01
4.369999999999999440e-01,4.509719777275804642e-01
4.379999999999999449e-01,4.241887629010840932e-01
4.389999999999999458e-01,3.821143804270462074e-01
4.399999999999999467e-01,3.910848056661888617e-01
4.409999999999999476e-01,4.289050689479090850e-01
4.419999999999999485e-01,4.503612679862183388e-01
4.429999999999999494e-01,4.573333286256929253e-01
4.439999999999999503e-01,4.584440078446451738e-01
4.449999999999999512e-01,4.493834829218699145e-01
4.459999999999999520e-01,4.125557334654564312e-01
4.469999999999999529e-01,3.461597618396282661e-01
4.479999999999999538e-01,3.438151908791198808e-01
4.489999999999999547e-01,4.238112529401807382e-01
4.499999999999999556e-01,4.621565082706358130e-01
4.509999999999999565e-01,4.644445997870154108e-01
4.519999999999999574e-01,4.586391666323654803e-01
4.529999999999999583e-01,4.614697663635315417e-01
4.539999999999999036e-01,4.191944976078100238e-01
4.549999999999999045e-01,3.521386817683408443e-01
4.559999999999999054e-01,3.604643405652657728e-01
4.569999999999999063e-01,4.414185443687135280e-01
4.579999999999999072e-01,4.771324170335269899e-01
4.589999999999999081e-01,4.757409047711986805e-01
4.599999999999999090e-01,4.691744891620777125e-01
4.609999999999999098e-01,4.064993315904058546e-01
4.619999999999999107e-01,3.454267759330864607e-01
4.629999999999999116e-01,3.330498107771737160e-01
4.639999999999999125e-01,2.644422947311844130e-01
4.649999999999999134e-01,2.726344302354279381e-01
4.659999999999999143e-01,3.865329882157901298e-01
4.669999999999999152e-01,4.276108930796004848e-01
4.679999999999999161e-01,3.879629331448579688e-01
4.689999999999999170e-01,3.331733143026793242e-01
4.699999999999999178e-01,3.635373829337029683e-01
4.709999999999999187e-01,3.478897425204678928e-01
4.719999999999999196e-01,2.897712782047989211e-01
4.729999999999999205e-01,2.624553635223481063e-01
4.739999999999999214e-01,3.589595352548807794e-01
4.749999999999999223e-01,4.060240217780505811e-01
4.759999999999999232e-01,3.935994265011791282e-01
4.769999999999999241e-01,3.489980482764381553e-01
4.779999999999999249e-01,3.555283006252837885e-01
4.789999999999999258e-01,4.320420083451720350e-01
4.799999999999999267e-01,4.863637026909682914e-01
4.809999999999999276e-01,5.044237063113874431e-01
4.819999999999999285e-01,4.953227458002140704e-01
4.829999999999999294e-01,4.454877389659702147e-01
4.839999999999999303e-01,3.954766811321361875e-01
4.849999999999999312e-01,4.329411878072700337e-01
4.859999999999999321e-01,4.684503435997872112e-01
4.869999999999999329e-01,4.889542861546500307e-01
4.879999999999999338e-01,4.953785257677448262e-01
4.889999999999999347e-01,4.822136365170806571e-01
4.899999999999999356e-01,4.483563604030879612e-01
4.909999999999999365e-01,4.039445496245072098e-01
4.919999999999999374e-01,3.725615617415051206e-01
4.929999999999999383e-01,3.585229848493750038e-01
4.939999999999999392e-01,3.436048440115328506e-01
4.949999999999999400e-01,3.206050263783690180e-01
4.959999999999999409e-01,3.006623800172785743e-01
4.969999999999999418e-01,3.012772962509833730e-01
4.979999999999999427e-01,3.329515048526681120e-01
4.989999999999999436e-01,3.863774936135572768e-01
4.999999999999999445e-01,4.045204904116689870e-01
5.009999999999998899e-01,3.729619999110941331e-01
5.019999999999998908e-01,3.591776427662425886e-01
5.029999999999998916e-01,3.446908513830341247e-01
5.039999999999998925e-01,3.234256630815063871e-01
5.049999999999998934e-01,3.056247233172893485e-01
5.059999999999998943e-01,3.079323539989703429e-01
5.069999999999998952e-01,2.538050586708994749e-01
5.079999999999998961e-01,1.780897634589572731e-01
5.089999999999998970e-01,2.794010768773195763e-01
5.099999999999998979e-01,4.033800556954164618e-01
5.109999999999998987e-01,4.560451493572280635e-01
5.119999999999998996e-01,4.609026097159863444e-01
5.129999999999999005e-01,4.290152620420865093e-01
5.139999999999999014e-01,3.645534442285012777e-01
5.149999999999999023e-01,3.173836516110790651e-01
5.159999999999999032e-01,2.936340319016843003e-01
5.169999999999999041e-01,1.896976285450955035e-01
5.179999999999999050e-01,2.353668597829668974e-01
5.189999999999999059e-01,3.685364617295021072e-01
5.199999999999999067e-01,4.460458612961455405e-01
5.209999999999999076e-01,4.497423179103243185e-01
5.219999999999999085e-01,3.835782397465989924e-01
5.229999999999999094e-01,2.764298713286164610e-01
5.239999999999999103e-01,1.585552460985786838e-01
5.249999999999999112e-01,8.423224505321386113e-02
5.259999999999999121e-01,6.193046671373014789e-02
5.269999999999999130e-01,7.533888771010861796e-02
5.279999999999999138e-01,1.363593863125814876e-01
5.289999999999999147e-01,2.391523861309716725e-01
5.299999999999999156e-01,3.382429127963822446e-01
5.309999999999999165e-01,4.035502439686763920e-01
5.319999999999999174e-01,3.426458025204570101e-01
5.329999999999999183e-01,2.269827789827274511e-01
5.339999999999999192e-01,1.221555274221054060e-01
5.349999999999999201e-01,6.905282351473142344e-02
5.359999999999999210e-01,6.003713163986885287e-02
5.369999999999999218e-01,8.777474012232092115e-02
5.379999999999999227e-01,1.004131565081273769e-01
5.389999999999999236e-01,1.824707550544929502e-01
5.399999999999999245e-01,2.597870660969650580e-01
5.409999999999999254e-01,2.942529039554860892e-01
5.419999999999999263e-01,2.863002314028323392e-01
5.429999999999999272e-01,2.414675695772542652e-01
5.439999999999999281e-01,1.694891199194243359e-01
5.449999999999999289e-01,9.484449037399088345e-02
5.459999999999999298e-01,5.121239588165409085e-02
5.469999999999999307e-01,4.972912038439714771e-02
5.479999999999999316e-01,7.214155194602676902e-02
5.489999999999999325e-01,9.376875595714710687e-02
5.499999999999999334e-01,1.015903395113330054e-01
5.509999999999999343e-01,9.447663735196913659e-02
5.519999999999999352e-01,7.705089672918152832e-02
5.529999999999999361e-01,5.615325956823899456e-02
5.539999999999999369e-01,3.755989169841390113e-02
5.549999999999999378e-01,2.439837753084242791e-02
5.559999999999999387e-01,1.669162398166349967e-02
5.569999999999999396e-01,1.288769403969264142e-02
5.579999999999999405e-01,1.125168162356355098e-02
5.589999999999999414e-01,1.051996840293757500e-02
5.599999999999999423e-01,1.012882880779828257e-02
5.609999999999999432e-01,9.863021499328985739e-03
5.619999999999999440e-01,9.627952412102553856e-03
5.629999999999999449e-01,9.379447212036524581e-03
5.639999999999999458e-01,9.112466236010623860e-03
5.650000000000000577e-01,8.824403948266690625e-03
5.660000000000000586e-01,8.547303692370399747e-03
5.670000000000000595e-01,8.312368771499132475e-03
5.680000000000000604e-01,8.144787005269250868e-03
5.690000000000000613e-01,8.070858309816197201e-03
5.700000000000000622e-01,8.089403638814492842e-03
5.710000000000000631e-01,8.172679549884261790e-03
5.720000000000000639e-01,8.284357845882196758e-03
5.730000000000000648e-01,8.121317849992048393e-03
5.740000000000000657e-01,7.984235556699798356e-03
5.750000000000000666e-01,7.880165012672473920e-03
5.760000000000000675e-01,7.770747612555558084e-03
5.769999999999998463e-01,7.638325997811854472e-03
5.779999999999999583e-01,7.493682723901154939e-03
5.789999999999998481e-01,7.361713259812475985e-03
5.799999999999999600e-01,7.270967305561553198e-03
5.809999999999999609e-01,7.248306412042016325e-03
5.819999999999999618e-01,7.297270551303667446e-03
5.829999999999998517e-01,7.414490688001563849e-03
5.839999999999999636e-01,7.574123830527246248e-03
5.849999999999998535e-01,7.730051774705586944e-03
5.859999999999999654e-01,7.865716232366655458e-03
5.869999999999998552e-01,7.968268611071152585e-03
5.879999999999999671e-01,8.016517941797071667e-03
5.889999999999998570e-01,8.015853109273681984e-03
5.899999999999999689e-01,7.993495315346689500e-03
5.909999999999998588e-01,7.984907958243641843e-03
5.919999999999999707e-01,8.029179006866910689e-03
5.929999999999999716e-01,8.155767422576601713e-03
5.939999999999999725e-01,8.366229525651094900e-03
5.949999999999999734e-01,8.642103195559731540e-03
5.959999999999999742e-01,8.946029590241280638e-03
5.969999999999999751e-01,9.230132442506292292e-03
5.979999999999999760e-01,9.472864477966814675e-03
5.989999999999999769e-01,9.674344146294599350e-03
5.999999999999999778e-01,9.836177738128549369e-03
6.009999999999999787e-01,9.983991008326980818e-03
6.019999999999999796e-01,1.015968208125779537e-02
6.029999999999999805e-01,1.039790995684326987e-02
6.039999999999999813e-01,1.071994070548006051e-02
6.049999999999999822e-01,1.114321947936803246e-02
6.059999999999999831e-01,1.165052774627740179e-02
6.069999999999999840e-01,1.221426274043546471e-02
6.079999999999999849e-01,1.283752470616617014e-02
6.089999999999999858e-01,1.351663813824261276e-02
6.099999999999999867e-01,1.425879245673908682e-02
6.109999999999999876e-01,1.509446539382456286e-02
6.119999999999999885e-01,1.603330521690597352e-02
6.129999999999999893e-01,1.708609478275270946e-02
6.139999999999999902e-01,1.829508912141325147e-02
6.149999999999999911e-01,1.968329371531112038e-02
6.159999999999999920e-01,2.127620200396304617e-02
6.169999999999999929e-01,2.311965433743077419e-02
6.179999999999999938e-01,2.529847977691999580e-02
6.189999999999998836e-01,2.796102574763601953e-02
6.199999999999998845e-01,3.143391571936889756e-02
6.209999999999998854e-01,3.636942149300197852e-02
6.219999999999998863e-01,4.446855923181592535e-02
6.229999999999998872e-01,5.994063157389210167e-02
6.239999999999998881e-01,9.057594395033541357e-02
6.249999999999998890e-01,1.459077024459476957e-01
6.259999999999998899e-01,2.318832987350598895e-01
6.269999999999998908e-01,3.371230573813064346e-01
6.279999999999998916e-01,4.369188480281981368e-01
6.289999999999998925e-01,5.125549951865677745e-01
6.299999999999998934e-01,5.607223442176689776e-01
6.309999999999998943e-01,5.884078765555743606e-01
6.319999999999998952e-01,6.039771230513125699e-01
6.329999999999998961e-01,6.125998808513597460e-01
6.339999999999998970e-01,6.176513346201588650e-01
6.349999999999998979e-01,6.212841649719512693e-01
6.359999999999998987e-01,6.219698820053803923e-01
6.369999999999998996e-01,6.205628640521274608e-01
6.379999999999999005e-01,6.191500065171250400e-01
6.389999999999999014e-01,6.177575179423170360e-01
6.399999999999999023e-01,6.156139214904802204e-01
6.409999999999999032e-01,6.124749427879135899e-01
6.419999999999999041e-01,6.078079576138304407e-01
6.429999999999999050e-01,6.012963109612898815e-01
6.439999999999999059e-01,5.957016978815641295e-01
6.449999999999999067e-01,5.944104771347731297e-01
6.459999999999999076e-01,5.972671286820994130e-01
6.469999999999999085e-01,6.031301561845181514e-01
6.479999999999999094e-01,6.105853588741783078e-01
6.489999999999999103e-01,6.170888028174893458e-01
6.499999999999999112e-01,6.196452309192366226e-01
6.509999999999999121e-01,6.189427052934676210e-01
6.519999999999999130e-01,6.175336568061233766e-01
6.529999999999999138e-01,6.139445116697295202e-01
6.539999999999999147e-01,6.090791759162766938e-01
6.549999999999999156e-01,6.037085940859738820e-01
6.559999999999999165e-01,5.988719619928016824e-01
6.569999999999999174e-01,5.961908004894255209e-01
6.579999999999999183e-01,5.971717970597743008e-01
6.589999999999999192e-01,6.016559904012509508e-01
6.599999999999999201e-01,5.952210450554324961e-01
6.609999999999999210e-01,5.874471181549947296e-01
6.619999999999999218e-01,5.890921605308929720e-01
6.629999999999999227e-01,5.980967407512960410e-01
6.639999999999999236e-01,6.062341729123218448e-01
6.649999999999999245e-01,6.097867621727112164e-01
6.659999999999999254e-01,6.079409536925182156e-01
6.669999999999999263e-01,6.004489381692026395e-01
6.679999999999999272e-01,5.916191998736037849e-01
6.689999999999999281e-01,5.893566620577836979e-01
6.699999999999999289e-01,5.981867131619933442e-01
6.709999999999999298e-01,6.121124647367208738e-01
6.719999999999999307e-01,6.061312344305974653e-01
6.729999999999999316e-01,5.939676342481858828e-01
6.739999999999999325e-01,5.882225037136652457e-01
6.749999999999999334e-01,5.915283328860121426e-01
6.759999999999999343e-01,6.004351000543918238e-01
6.769999999999999352e-01,6.077646574687971537e-01
6.779999999999999361e-01,6.098565422797541657e-01
6.789999999999999369e-01,6.072739440787975340e-01
6.799999999999999378e-01,5.999099053620660094e-01
6.809999999999999387e-01,5.912894928518519500e-01
6.819999999999999396e-01,5.902549666896921288e-01
6.829999999999999405e-01,6.018266685269371141e-01
6.839999999999999414e-01,6.162920909888162102e-01
6.849999999999999423e-01,6.260331370745647606e-01
6.859999999999999432e-01,6.311872266318078184e-01
6.869999999999999440e-01,6.284087071813972969e-01
6.879999999999999449e-01,6.247063351616530813e-01
6.889999999999999458e-01,6.210064440468540115e-01
6.899999999999999467e-01,6.178657200989382536e-01
6.909999999999999476e-01,6.157591624446738798e-01
6.919999999999999485e-01,6.148354505777039458e-01
6.929999999999999494e-01,6.144131553920796351e-01
6.939999999999999503e-01,6.134299624848014165e-01
6.949999999999999512e-01,6.107632260999320550e-01
6.959999999999999520e-01,6.069645268515508896e-01
6.969999999999999529e-01,6.026079260887184930e-01
6.979999999999999538e-01,5.977447862017859492e-01
6.989999999999999547e-01,5.932937324684696145e-01
6.999999999999999556e-01,5.891794027965957525e-01
7.009999999999999565e-01,5.855422431445526099e-01
7.019999999999999574e-01,5.825299660407176061e-01
7.029999999999999583e-01,5.802280011223103218e-01
7.039999999999999591e-01,5.795199386985132595e-01
7.049999999999998490e-01,5.822016039466143544e-01
7.059999999999999609e-01,5.895311140696131158e-01
7.069999999999998508e-01,6.002922431922020907e-01
7.079999999999999627e-01,6.113506045078234141e-01
7.089999999999999636e-01,6.098983057266762486e-01
7.099999999999999645e-01,6.056820395358516462e-01
7.109999999999998543e-01,6.008731070615973557e-01
7.119999999999999662e-01,5.958736950547387501e-01
7.129999999999998561e-01,5.912846257482704537e-01
7.139999999999999680e-01,5.870366981689599806e-01
7.149999999999998579e-01,5.831916013406819310e-01
7.159999999999999698e-01,5.797535469740444647e-01
7.169999999999999707e-01,5.772841260260423990e-01
7.179999999999999716e-01,5.774007832353126313e-01
7.189999999999998614e-01,5.824532353684002128e-01
7.199999999999999734e-01,5.919231036149250613e-01
7.209999999999998632e-01,6.034645833296413686e-01
7.219999999999999751e-01,6.137953882447515497e-01
7.229999999999998650e-01,6.153984622537599369e-01
7.239999999999999769e-01,6.090749597586082587e-01
7.249999999999999778e-01,6.038679133923704478e-01
7.259999999999999787e-01,6.025336002309231720e-01
7.269999999999998685e-01,6.042168943324143227e-01
7.279999999999999805e-01,6.065922262309104696e-01
7.289999999999998703e-01,6.080101329941260957e-01
7.299999999999999822e-01,6.068545028841835220e-01
7.309999999999998721e-01,6.021110083819767311e-01
7.319999999999999840e-01,5.944835888507277177e-01
7.329999999999999849e-01,5.864910338355191488e-01
7.339999999999999858e-01,5.834763144051575701e-01
7.349999999999998757e-01,5.880588529971818579e-01
7.359999999999999876e-01,5.989965565620714028e-01
7.369999999999998774e-01,6.106101134560258936e-01
7.379999999999999893e-01,6.064620012064766419e-01
7.389999999999998792e-01,6.012255786443386762e-01
7.399999999999999911e-01,5.991578896225684403e-01
7.409999999999999920e-01,6.007640428317604364e-01
7.419999999999999929e-01,6.034476949705205318e-01
7.429999999999998828e-01,6.044279711919355869e-01
7.439999999999999947e-01,6.030887516789619207e-01
7.449999999999998845e-01,5.991019624728832760e-01
7.459999999999999964e-01,5.923061436863559237e-01
7.469999999999998863e-01,5.851362596534754879e-01
7.479999999999999982e-01,5.800736356755742396e-01
7.489999999999999991e-01,5.820344477829109131e-01
7.500000000000000000e-01,5.921827170962133957e-01
7.509999999999998899e-01,6.048779424690522433e-01
7.519999999999998908e-01,6.149257820915178252e-01
7.529999999999998916e-01,6.097056419071505973e-01
7.539999999999998925e-01,6.002968382204835196e-01
7.549999999999998934e-01,5.904536636749315726e-01
7.559999999999998943e-01,5.838124164705890129e-01
7.569999999999998952e-01,5.813206024436147201e-01
7.579999999999998961e-01,5.835203653021643344e-01
7.589999999999998970e-01,5.886871078747725194e-01
7.599999999999998979e-01,5.941073992576872964e-01
7.609999999999998987e-01,5.981065818242381482e-01
7.619999999999998996e-01,6.004140894124774253e-01
7.629999999999999005e-01,6.006005472910118659e-01
7.639999999999999014e-01,5.995206808855659819e-01
7.649999999999999023e-01,5.981548680440661458e-01
7.659999999999999032e-01,5.959286974005582049e-01
7.669999999999999041e-01,5.931484417854541169e-01
7.679999999999999050e-01,5.898315485564039617e-01
7.689999999999999059e-01,5.849965305165610863e-01
7.699999999999999067e-01,5.798773680740394454e-01
7.709999999999999076e-01,5.758777558065925062e-01
7.719999999999999085e-01,5.718342473345596755e-01
7.729999999999999094e-01,5.688975178626497486e-01
7.739999999999999103e-01,5.670165077730467962e-01
7.749999999999999112e-01,5.650603566246048537e-01
7.759999999999999121e-01,5.657279297408196461e-01
7.769999999999999130e-01,5.692457272461503015e-01
7.779999999999999138e-01,5.750120320371050475e-01
7.789999999999999147e-01,5.831194006768511962e-01
7.799999999999999156e-01,5.910635100555348131e-01
7.809999999999999165e-01,5.918938022976343305e-01
7.819999999999999174e-01,5.882114895225040163e-01
7.829999999999999183e-01,5.844262836198776956e-01
7.839999999999999192e-01,5.803145812133833070e-01
7.849999999999999201e-01,5.763203269116752292e-01
7.859999999999999210e-01,5.721500159220999082e-01
7.869999999999999218e-01,5.669352310026396502e-01
7.879999999999999227e-01,5.622674411585780740e-01
7.889999999999999236e-01,5.591689101241076321e-01
7.899999999999999245e-01,5.579819898938038758e-01
7.909999999999999254e-01,5.586419735852987678e-01
7.919999999999999263e-01,5.617040894592765232e-01
7.929999999999999272e-01,5.679427146013302785e-01
7.939999999999999281e-01,5.751878938413319542e-01
7.949999999999999289e-01,5.709851270523159661e-01
7.959999999999999298e-01,5.715829300311486838e-01
7.969999999999999307e-01,5.755696139072529194e-01
7.979999999999999316e-01,5.830084599104607967e-01
7.989999999999999325e-01,5.909346288608943176e-01
7.999999999999999334e-01,5.978210331909639130e-01
8.009999999999999343e-01,6.028466073616197685e-01
8.019999999999999352e-01,6.048822655687482452e-01
8.029999999999999361e-01,6.048226687134495849e-01
8.039999999999999369e-01,6.040512248451929134e-01
8.049999999999999378e-01,6.019807503296259465e-01
8.059999999999999387e-01,5.986315656753984360e-01
8.069999999999999396e-01,5.933565506636316877e-01
8.079999999999999405e-01,5.863679878382421773e-01
8.089999999999999414e-01,5.793914114368280410e-01
8.099999999999999423e-01,5.729992633356336684e-01
8.109999999999999432e-01,5.692051034920309061e-01
8.119999999999999440e-01,5.699596410965308557e-01
8.129999999999999449e-01,5.757609879616061299e-01
8.139999999999999458e-01,5.839392261292699615e-01
8.149999999999999467e-01,5.928448991823065395e-01
8.159999999999999476e-01,6.004707842642321713e-01
8.169999999999999485e-01,5.974617196571182509e-01
8.179999999999999494e-01,5.915609804533190630e-01
8.189999999999999503e-01,5.839983411113910394e-01
8.199999999999998401e-01,5.760124931602541576e-01
8.200000000000000622e-01,5.760124931602528253e-01
8.210000000000000631e-01,5.686381952351607927e-01
8.219999999999998419e-01,5.630155113773960274e-01
8.220000000000000639e-01,5.630155113773949171e-01
8.230000000000000648e-01,5.601791148910231222e-01
8.239999999999998437e-01,5.596955185633736285e-01
8.240000000000000657e-01,5.596955185633738505e-01
8.250000000000000666e-01,5.625545462360258542e-01
8.259999999999998455e-01,5.667083579146944272e-01
8.260000000000000675e-01,5.667083579146950933e-01
8.270000000000000684e-01,5.692072260824190266e-01
8.279999999999998472e-01,5.716215285579876459e-01
8.280000000000000693e-01,5.716215285579882011e-01
8.290000000000000702e-01,5.741229212018480466e-01
8.299999999999998490e-01,5.760866462945593014e-01
8.300000000000000711e-01,5.760866462945597455e-01
8.310000000000000719e-01,5.791172740660036622e-01
8.319999999999998508e-01,5.817187972951571862e-01
8.320000000000000728e-01,5.817187972951574082e-01
8.329999999999998517e-01,5.820489061737289527e-01
8.339999999999998526e-01,5.820276817505715128e-01
8.349999999999998535e-01,5.837054225503321980e-01
8.359999999999998543e-01,5.797884173149503440e-01
8.369999999999998552e-01,5.708694289562171731e-01
8.379999999999998561e-01,5.635065379823570586e-01
8.389999999999998570e-01,5.586776585176453924e-01
8.399999999999998579e-01,5.565137183904130813e-01
8.409999999999998588e-01,5.596853562484338518e-01
8.419999999999998597e-01,5.644472839627880933e-01
8.429999999999998606e-01,5.661940953424908773e-01
8.439999999999998614e-01,5.680733989275277285e-01
8.449999999999998623e-01,5.719161149995349858e-01
8.459999999999998632e-01,5.753178919319550388e-01
8.469999999999998641e-01,5.804830889527639037e-01
8.479999999999998650e-01,5.851817861805569398e-01
8.489999999999998659e-01,5.853805905558236988e-01
8.499999999999998668e-01,5.851784039837362172e-01
8.509999999999998677e-01,5.851855473256440954e-01
8.519999999999998685e-01,5.848295906005386291e-01
8.529999999999998694e-01,5.853149778444780571e-01
8.539999999999998703e-01,5.854594266665579250e-01
8.549999999999998712e-01,5.832062835649675092e-01
8.559999999999998721e-01,5.807765647895710703e-01
8.569999999999998730e-01,5.805754971205764337e-01
8.579999999999998739e-01,5.804467981587269065e-01
8.589999999999998748e-01,5.801163018241065616e-01
8.599999999999998757e-01,5.803803951801953520e-01
8.609999999999998765e-01,5.826028273497632082e-01
8.619999999999998774e-01,5.857046056048649252e-01
8.629999999999998783e-01,5.813852215928979605e-01
8.639999999999998792e-01,5.770677123798496622e-01
8.649999999999998801e-01,5.732414762532194175e-01
8.659999999999998810e-01,5.724834146764512521e-01
8.669999999999998819e-01,5.759515768933459734e-01
8.679999999999998828e-01,5.820083983318923293e-01
8.689999999999998836e-01,5.886105419769953606e-01
8.699999999999998845e-01,5.953655124691320522e-01
8.709999999999998854e-01,6.022652143175014627e-01
8.719999999999998863e-01,6.081523874183005773e-01
8.729999999999998872e-01,6.117207183714971075e-01
8.739999999999998881e-01,6.107667909928964356e-01
8.749999999999998890e-01,6.092967742696747679e-01
8.759999999999998899e-01,6.069629202476269914e-01
8.769999999999998908e-01,6.049486568359498939e-01
8.779999999999998916e-01,6.019311897269551404e-01
8.789999999999998925e-01,5.960571858796605005e-01
8.799999999999998934e-01,5.899660104703847718e-01
8.809999999999998943e-01,5.857033914570168864e-01
8.819999999999998952e-01,5.832122207921497381e-01
8.829999999999998961e-01,5.846463640465112688e-01
8.839999999999998970e-01,5.889791218173167087e-01
8.849999999999998979e-01,5.930080887648677690e-01
8.859999999999998987e-01,5.982037830130048084e-01
8.869999999999998996e-01,6.041505219412153238e-01
8.879999999999999005e-01,6.007912318827196563e-01
8.889999999999999014e-01,5.982740333088532036e-01
8.899999999999999023e-01,5.964454841652856443e-01
8.909999999999999032e-01,5.948508576636993839e-01
8.919999999999999041e-01,5.942320718671216806e-01
8.929999999999999050e-01,5.930041604032346703e-01
8.939999999999999059e-01,5.923602447184300734e-01
8.949999999999999067e-01,5.936487312902947178e-01
8.959999999999999076e-01,5.949767968808150620e-01
8.969999999999999085e-01,5.969662668334880795e-01
8.979999999999999094e-01,5.986790420302308124e-01
8.989999999999999103e-01,5.992018199208778428e-01
8.999999999999999112e-01,5.995684114465467118e-01
9.009999999999999121e-01,5.990830559680793144e-01
9.019999999999999130e-01,5.988831732724876344e-01
9.029999999999999138e-01,5.996998895430184495e-01
9.039999999999999147e-01,6.012668558337597169e-01
9.049999999999999156e-01,6.039717529016578323e-01
9.059999999999999165e-01,6.075012154083406779e-01
9.069999999999998064e-01,6.129018925131498596e-01
9.079999999999998073e-01,6.126130622844543350e-01
9.089999999999998082e-01,6.107844191040908699e-01
9.099999999999998090e-01,6.099580727793066925e-01
9.109999999999998099e-01,6.108690851066066463e-01
9.119999999999998108e-01,6.122777457537159629e-01
9.129999999999998117e-01,6.136285286778563330e-01
9.139999999999998126e-01,6.148901325740665502e-01
9.149999999999998135e-01,6.165394381215918429e-01
9.159999999999998144e-01,6.179004941924171046e-01
9.169999999999998153e-01,6.182763484059730086e-01
9.179999999999998161e-01,6.185175218725682544e-01
9.189999999999998170e-01,6.184962842788895854e-01
9.199999999999998179e-01,6.188298580726737663e-01
9.209999999999998188e-01,6.189339374766095192e-01
9.219999999999998197e-01,6.198269962419132861e-01
9.229999999999998206e-01,6.229420890364780750e-01
9.239999999999998215e-01,6.268625347342070553e-01
9.249999999999998224e-01,6.317588843846503321e-01
9.259999999999998233e-01,6.369947581830457395e-01
9.269999999999998241e-01,6.428447157623249364e-01
9.279999999999998250e-01,6.485537853157562482e-01
9.289999999999998259e-01,6.519053290577639936e-01
9.299999999999998268e-01,6.547865506168795147e-01
9.309999999999998277e-01,6.579014388496832177e-01
9.319999999999998286e-01,6.605163414522613463e-01
9.329999999999998295e-01,6.626834986461473953e-01
9.339999999999998304e-01,6.644096661934838499e-01
9.349999999999998312e-01,6.663095893246776535e-01
9.359999999999998321e-01,6.678819695954718583e-01
9.369999999999998330e-01,6.674813486300665843e-01
9.379999999999998339e-01,6.668712010638029319e-01
9.389999999999998348e-01,6.686190776397752389e-01
9.399999999999998357e-01,6.704110763392204797e-01
9.409999999999998366e-01,6.703370164361088790e-01
9.419999999999998375e-01,6.705832498179397083e-01
9.429999999999998384e-01,6.719897297125930757e-01
9.439999999999998392e-01,6.738145345333973468e-01
9.449999999999998401e-01,6.760597906420210412e-01
9.459999999999998410e-01,6.787024617500693191e-01
9.469999999999998419e-01,6.828402517903149338e-01
9.479999999999998428e-01,6.870989143057576465e-01
9.489999999999998437e-01,6.890393078881896782e-01
9.499999999999998446e-01,6.882385153145981205e-01
9.509999999999998455e-01,6.887540352617215200e-01
9.519999999999998463e-01,6.893885322815069827e-01
9.529999999999998472e-01,6.887687018372293801e-01
9.539999999999998481e-01,6.883942975813809317e-01
9.549999999999998490e-01,6.883202736701765634e-01
9.559999999999998499e-01,6.882641964219070596e-01
9.569999999999998508e-01,6.875128187295383997e-01
9.579999999999998517e-01,6.869653772620838428e-01
9.589999999999998526e-01,6.885942586300191071e-01
9.599999999999998535e-01,6.903082903008186388e-01
9.609999999999998543e-01,6.921869681153087761e-01
9.619999999999998552e-01,6.940465954294886552e-01
9.629999999999998561e-01,6.944425303283774387e-01
9.639999999999998570e-01,6.947604544085842493e-01
9.649999999999998579e-01,6.949765228399554795e-01
9.659999999999998588e-01,6.951252880539721124e-01
9.669999999999998597e-01,6.967324737322828643e-01
9.679999999999998606e-01,6.983177154967090683e-01
9.689999999999998614e-01,6.980065558201380416e-01
9.699999999999998623e-01,6.977506988248032282e-01
9.709999999999998632e-01,6.982066460063647284e-01
9.719999999999998641e-01,6.987675286907063521e-01
9.729999999999998650e-01,7.007132207207049657e-01
9.739999999999998659e-01,7.027667069767709052e-01
9.749999999999998668e-01,7.027637963476903726e-01
9.759999999999998677e-01,7.030152998462516623e-01
9.769999999999998685e-01,7.034248032204435397e-01
9.779999999999998694e-01,7.039623603408445840e-01
9.789999999999998703e-01,7.050315136354193823e-01
9.799999999999998712e-01,7.061197192019954549e-01
9.809999999999998721e-01,7.054004676434532106e-01
9.819999999999998730e-01,7.046180850117539363e-01
9.829999999999998739e-01,7.062897319188439216e-01
9.839999999999998748e-01,7.078914613741650319e-01
9.849999999999998757e-01,7.080627979607819755e-01
9.859999999999998765e-01,7.081822500529306730e-01
9.869999999999998774e-01,7.074839734367801558e-01
9.879999999999998783e-01,7.067508083603175617e-01
9.889999999999998792e-01,7.078401484937992816e-01
9.899999999999998801e-01,7.090016190097008231e-01
9.909999999999998810e-01,7.086103483695251892e-01
9.919999999999998819e-01,7.083517895797978303e-01
9.929999999999998828e-01,7.092845191546820471e-01
9.939999999999998836e-01,7.103413345657637601e-01
9.949999999999998845e-01,7.111689657255816366e-01
9.959999999999998854e-01,7.118985936027352190e-01
9.969999999999998863e-01,7.108751147709150287e-01
9.979999999999998872e-01,7.100271291588207134e-01
9.989999999999998881e-01,7.117228821926363524e-01
9.999999999999998890e-01,7.135628381483221094e-01
1.001000000000000112e+00,7.140613571889192768e-01
1.001999999999999780e+00,7.146572564929187799e-01
1.003000000000000114e+00,7.164570092437293480e-01
1.003999999999999782e+00,7.182687844708480762e-01
1.005000000000000115e+00,7.195354409751009150e-01
1.005999999999999783e+00,7.207384826578056014e-01
1.007000000000000117e+00,7.206092147880963639e-01
1.007999999999999785e+00,7.203641581308742881e-01
1.008999999999999897e+00,7.192903666020127318e-01
1.009000000000000119e+00,7.192903666020121767e-01
1.009999999999999787e+00,7.180716774536207714e-01
1.011000000000000121e+00,7.186711164517475270e-01
1.011999999999999789e+00,7.191484672137041789e-01
1.013000000000000123e+00,7.205007874772544341e-01
1.013999999999999790e+00,7.219105707415547357e-01
1.015000000000000124e+00,7.205465902258421096e-01
1.015999999999999792e+00,7.193182224608923869e-01
1.017000000000000126e+00,7.195312224357141018e-01
1.017999999999999794e+00,7.198981877239621907e-01
1.019000000000000128e+00,7.198169224466827165e-01
1.019999999999999796e+00,7.198962042208832957e-01
1.020999999999999908e+00,7.209636870137907660e-01
1.021000000000000130e+00,7.209636870137908771e-01
1.021999999999999797e+00,7.221086007285967279e-01
1.023000000000000131e+00,7.230222678261829516e-01
1.023999999999999799e+00,7.239432018316588335e-01
1.024999999999999689e+00,7.243675198450005848e-01
1.025999999999999801e+00,7.247261277215426567e-01
1.026999999999999691e+00,7.247955425155964138e-01
1.027999999999999803e+00,7.247575851687357851e-01
1.028999999999999915e+00,7.246168526850107483e-01
1.029999999999999805e+00,7.243587226479811791e-01
1.030999999999999917e+00,7.258054612215365520e-01
1.031999999999999806e+00,7.271493565992145358e-01
1.032999999999999918e+00,7.266235277786152746e-01
1.033999999999999808e+00,7.260487973594227373e-01
1.034999999999999920e+00,7.270945310596251820e-01
1.035999999999999810e+00,7.281611494908318827e-01
1.036999999999999922e+00,7.273755912573550697e-01
1.037999999999999812e+00,7.267151147800789968e-01
1.038999999999999924e+00,7.274597221138652259e-01
1.039999999999999813e+00,7.283922514157284978e-01
1.040999999999999925e+00,7.280197764498783641e-01
1.041999999999999815e+00,7.278733811272063425e-01
1.042999999999999927e+00,7.306750335450588052e-01
1.043999999999999817e+00,7.336094402525618063e-01
1.044999999999999929e+00,7.349431820166373308e-01
1.045999999999999819e+00,7.363535506769348649e-01
1.046999999999999931e+00,7.365398497024976399e-01
1.047999999999999821e+00,7.362289684487615116e-01
1.048999999999999932e+00,7.363021595171513889e-01
1.049999999999999822e+00,7.364755916650269629e-01
1.050999999999999934e+00,7.373128989247658138e-01
1.051999999999999824e+00,7.382774079552241187e-01
1.052999999999999936e+00,7.374224522868426668e-01
1.053999999999999826e+00,7.366835840609786690e-01
1.054999999999999938e+00,7.377165545854859063e-01
1.055999999999999828e+00,7.387925765857860094e-01
1.056999999999999940e+00,7.387227858535996283e-01
1.057999999999999829e+00,7.386469864055278389e-01
1.058999999999999941e+00,7.394962246705043540e-01
1.059999999999999831e+00,7.402761125804360187e-01
1.060999999999999943e+00,7.409534854811463678e-01
1.061999999999999833e+00,7.415365582255817323e-01
1.062999999999999945e+00,7.421220228047563650e-01
1.063999999999999835e+00,7.425906947504362643e-01
1.064999999999999947e+00,7.420838977409076609e-01
1.065999999999999837e+00,7.414700396517193148e-01
1.066999999999999948e+00,7.396045439108487329e-01
1.067999999999999838e+00,7.377022715033442202e-01
1.068999999999999950e+00,7.387106558598471873e-01
1.069999999999999840e+00,7.397564932957113593e-01
1.070999999999999952e+00,7.396163824324343272e-01
1.071999999999999842e+00,7.396588499593149679e-01
1.072999999999999954e+00,7.394172405721959329e-01
1.073999999999999844e+00,7.394631916044660525e-01
1.074999999999999956e+00,7.393018065143104334e-01
1.075999999999999845e+00,7.394845448269414812e-01
1.076999999999999957e+00,7.408606828424233459e-01
1.077999999999999847e+00,7.425054097743337689e-01
1.078999999999999959e+00,7.450530054191565332e-01
1.079999999999999849e+00,7.463386528710049816e-01
1.080999999999999961e+00,7.467120811289823523e-01
1.081999999999999851e+00,7.470069144309714471e-01
1.082999999999999963e+00,7.467765371855814571e-01
1.083999999999999853e+00,7.464382863768220799e-01
1.084999999999999964e+00,7.462360321659018414e-01
1.085999999999999854e+00,7.459250920568201160e-01
1.086999999999999966e+00,7.456677971775917957e-01
1.087999999999999856e+00,7.453246869427013754e-01
1.088999999999999968e+00,7.455646638042039420e-01
1.089999999999999858e+00,7.458005816088998374e-01
1.090999999999999970e+00,7.453907568273975270e-01
1.091999999999999860e+00,7.450759729065898895e-01
1.092999999999999972e+00,7.460817870565893406e-01
1.093999999999999861e+00,7.473358854045480948e-01
1.094999999999999973e+00,7.472315698023841435e-01
1.095999999999999863e+00,7.474392941522968181e-01
1.096999999999999975e+00,7.475506308514988651e-01
1.097999999999999865e+00,7.479912478527197539e-01
1.098999999999999977e+00,7.499620978957810546e-01
1.099999999999999867e+00,7.521588420104505790e-01
1.100999999999999979e+00,7.544418311796209364e-01
1.101999999999999869e+00,7.568036275950553726e-01
1.102999999999999980e+00,7.587612166992432350e-01
1.103999999999999870e+00,7.606834204966731461e-01
1.104999999999999760e+00,7.618348857852095257e-01
1.105999999999999872e+00,7.628657876563887941e-01
1.106999999999999762e+00,7.639034745410060445e-01
1.107999999999999874e+00,7.630244709570153105e-01
1.108999999999999764e+00,7.625716246344655946e-01
1.109999999999999876e+00,7.620763375792135585e-01
1.110999999999999766e+00,7.610230494464040873e-01
1.111999999999999877e+00,7.599860714672577178e-01
1.112999999999999767e+00,7.591477425169765869e-01
1.113999999999999879e+00,7.583793497531864380e-01
1.114999999999999769e+00,7.565474042658147935e-01
1.115999999999999881e+00,7.548508186710547463e-01
1.116999999999999771e+00,7.531698906171460095e-01
1.117999999999999883e+00,7.516400522697825881e-01
1.118999999999999773e+00,7.524701131775215490e-01
1.119999999999999885e+00,7.534606819342327677e-01
1.120999999999999774e+00,7.534362651140597000e-01
1.121999999999999886e+00,7.535447819490820320e-01
1.122999999999999776e+00,7.538907625130204515e-01
1.123999999999999888e+00,7.543144674185173759e-01
1.124999999999999778e+00,7.544873896706180139e-01
1.125999999999999890e+00,7.546934178651587555e-01
1.126999999999999780e+00,7.561302986652392866e-01
1.127999999999999892e+00,7.575456171503306413e-01
1.128999999999999782e+00,7.575486478522143186e-01
1.129999999999999893e+00,7.575196229893479405e-01
1.130000000000000115e+00,7.575196229893478295e-01
1.130999999999999783e+00,7.567181180427881015e-01
1.131999999999999895e+00,7.558748942702652185e-01
1.132000000000000117e+00,7.558748942702656626e-01
1.132999999999999785e+00,7.575149757066441669e-01
1.133999999999999897e+00,7.591138846567525578e-01
1.134000000000000119e+00,7.591138846567527798e-01
1.134999999999999787e+00,7.590137901851579105e-01
1.135999999999999899e+00,7.588827039880979841e-01
1.136000000000000121e+00,7.588827039880980951e-01
1.136999999999999789e+00,7.591966839086456975e-01
1.137999999999999901e+00,7.595007240124765913e-01
1.138000000000000123e+00,7.595007240124765913e-01
1.138999999999999790e+00,7.592436682304398721e-01
1.139999999999999680e+00,7.589982358546426555e-01
1.139999999999999902e+00,7.589982358546427665e-01
1.140000000000000124e+00,7.589982358546426555e-01
1.140999999999999792e+00,7.591504183861840227e-01
1.141999999999999904e+00,7.593294618741830426e-01
1.142000000000000126e+00,7.593294618741834867e-01
1.142999999999999794e+00,7.601449560192365951e-01
1.143999999999999906e+00,7.609981558678617919e-01
1.144000000000000128e+00,7.609981558678617919e-01
1.144999999999999796e+00,7.601260480488023497e-01
1.145999999999999908e+00,7.592916669767478810e-01
1.146000000000000130e+00,7.592916669767478810e-01
1.146999999999999797e+00,7.592627374200958679e-01
1.147999999999999909e+00,7.592577879957530529e-01
1.148000000000000131e+00,7.592577879957530529e-01
1.148999999999999799e+00,7.607226200331383970e-01
1.149999999999999911e+00,7.621958377806298257e-01
1.150000000000000133e+00,7.621958377806301588e-01
1.150999999999999801e+00,7.626162842214293525e-01
1.151999999999999913e+00,7.630227477633976241e-01
1.152000000000000135e+00,7.630227477633977351e-01
1.152999999999999803e+00,7.619228607563549582e-01
1.153999999999999693e+00,7.607972873793330537e-01
1.153999999999999915e+00,7.607972873793330537e-01
1.154999999999999805e+00,7.613432018543337954e-01
1.155999999999999694e+00,7.618486141830074221e-01
1.155999999999999917e+00,7.618486141830076441e-01
1.156999999999999806e+00,7.626997153356138703e-01
1.157999999999999696e+00,7.634994034035228472e-01
1.157999999999999918e+00,7.634994034035226251e-01
1.158999999999999808e+00,7.631659233879432014e-01
1.159999999999999698e+00,7.628183121246089327e-01
1.159999999999999920e+00,7.628183121246089327e-01
1.160999999999999810e+00,7.623565189472997217e-01
1.161999999999999700e+00,7.618887366834180552e-01
1.161999999999999922e+00,7.618887366834179442e-01
1.162999999999999812e+00,7.618303491567756103e-01
1.163999999999999702e+00,7.618154382689867887e-01
1.163999999999999924e+00,7.618154382689867887e-01
1.164999999999999813e+00,7.616582656895600767e-01
1.165999999999999703e+00,7.615265558036626858e-01
1.165999999999999925e+00,7.615265558036627969e-01
1.166999999999999815e+00,7.625991051403695486e-01
1.167999999999999705e+00,7.637107040004258440e-01
1.167999999999999927e+00,7.637107040004262881e-01
1.168999999999999817e+00,7.639598927746094059e-01
1.169999999999999707e+00,7.642377716306547608e-01
1.169999999999999929e+00,7.642377716306547608e-01
1.170999999999999819e+00,7.639925569614961498e-01
1.171999999999999709e+00,7.637625096646691869e-01
1.171999999999999931e+00,7.637625096646697420e-01
1.172999999999999821e+00,7.639470723309269573e-01
1.173999999999999710e+00,7.641271263853053330e-01
1.173999999999999932e+00,7.641271263853055551e-01
1.174999999999999822e+00,7.644892916431168528e-01
1.175999999999999712e+00,7.648295778760786368e-01
1.175999999999999934e+00,7.648295778760784147e-01
1.176999999999999824e+00,7.654584602863913068e-01
1.177999999999999714e+00,7.660496997295072052e-01
1.177999999999999936e+00,7.660496997295073163e-01
1.178999999999999826e+00,7.662665972008991799e-01
1.179999999999999716e+00,7.664472603179502963e-01
1.179999999999999938e+00,7.664472603179502963e-01
1.180999999999999828e+00,7.662733640432980442e-01
1.181999999999999718e+00,7.660695101393253381e-01
1.181999999999999940e+00,7.660695101393255602e-01
1.182999999999999829e+00,7.663496546619774641e-01
1.183999999999999719e+00,7.666216079743304324e-01
1.183999999999999941e+00,7.666216079743306544e-01
1.184999999999999831e+00,7.676619112822036239e-01
1.185999999999999943e+00,7.687242084964236444e-01
1.186999999999999833e+00,7.682608403328431423e-01
1.187999999999999945e+00,7.678599804736747636e-01
1.188999999999999835e+00,7.679618287565412871e-01
1.189999999999999947e+00,7.681681511880101842e-01
1.190999999999999837e+00,7.688279656844156928e-01
1.191999999999999948e+00,7.696335006787923261e-01
1.192999999999999838e+00,7.701014381179499546e-01
1.193999999999999950e+00,7.707129951150391012e-01
1.194999999999999840e+00,7.712921198914194365e-01
1.195999999999999952e+00,7.719903992604514320e-01
1.196999999999999842e+00,7.731506547884313685e-01
1.197999999999999954e+00,7.743945700548888755e-01
1.198999999999999844e+00,7.765105187746604853e-01
1.199999999999999956e+00,7.786644395348646386e-01
1.200999999999999845e+00,7.807173839843941643e-01
1.201999999999999957e+00,7.827551407103894299e-01
1.202999999999999847e+00,7.827257101848730247e-01
1.203999999999999959e+00,7.826478938093167637e-01
1.204999999999999849e+00,7.834630111999620894e-01
1.205999999999999961e+00,7.841958162399902399e-01
1.206999999999999851e+00,7.858108698399137726e-01
1.207999999999999963e+00,7.873467088341631337e-01
1.208999999999999853e+00,7.877363870134975743e-01
1.209999999999999964e+00,7.881040706239207383e-01
1.210999999999999854e+00,7.880865487775889910e-01
1.211999999999999966e+00,7.880972212797566767e-01
1.212999999999999856e+00,7.868239336469036171e-01
1.213999999999999968e+00,7.856129338322218603e-01
1.214999999999999858e+00,7.852889306925333601e-01
1.215999999999999970e+00,7.850315841534418748e-01
1.216999999999999860e+00,7.856627806052212115e-01
1.217999999999999972e+00,7.863737444068090721e-01
1.218999999999999861e+00,7.871621615957681284e-01
1.219999999999999973e+00,7.880203272745710530e-01
1.220999999999999863e+00,7.870670648748995246e-01
1.221999999999999975e+00,7.861710505173258312e-01
1.222999999999999865e+00,7.857726276185064140e-01
1.223999999999999977e+00,7.854000792447204393e-01
1.224999999999999867e+00,7.867058169219431907e-01
1.225999999999999979e+00,7.880161300741264085e-01
1.226999999999999869e+00,7.878309179335845069e-01
1.227999999999999980e+00,7.876264441058272725e-01
1.228999999999999870e+00,7.876161470752208738e-01
1.229999999999999982e+00,7.875618892739709720e-01
1.230999999999999872e+00,7.878823944260986423e-01
1.231999999999999984e+00,7.881481844034333717e-01
1.232999999999999874e+00,7.877905473821803506e-01
1.233999999999999986e+00,7.873634708525667492e-01
1.234999999999999876e+00,7.873360029959707296e-01
1.235999999999999988e+00,7.872443381345264335e-01
1.236999999999999877e+00,7.868693468158471926e-01
1.237999999999999767e+00,7.864151603936823109e-01
1.238999999999999879e+00,7.856839194076673527e-01
1.239999999999999769e+00,7.848893035781355776e-01
1.240999999999999881e+00,7.842378261165693365e-01
1.241999999999999771e+00,7.835107877104127150e-01
1.242999999999999883e+00,7.837175576139188138e-01
1.243999999999999773e+00,7.838646727483260523e-01
1.244999999999999885e+00,7.829864269811428468e-01
1.245999999999999774e+00,7.820710190452786481e-01
1.246999999999999886e+00,7.804421374099508313e-01
1.247999999999999776e+00,7.788194796210302639e-01
1.248999999999999888e+00,7.779618076880792099e-01
1.249999999999999778e+00,7.771505890622328883e-01
1.250999999999999890e+00,7.770794096125722694e-01
1.251999999999999780e+00,7.771139945107105040e-01
1.252999999999999892e+00,7.768968109048499660e-01
1.253999999999999782e+00,7.768158079321080267e-01
1.254999999999999893e+00,7.757830815844941608e-01
1.255999999999999783e+00,7.748980235471846223e-01
1.256999999999999895e+00,7.749070600796850172e-01
1.257999999999999785e+00,7.750866045921890324e-01
1.258999999999999897e+00,7.758472931047718513e-01
1.259999999999999787e+00,7.767191696484258001e-01
1.260999999999999899e+00,7.777095877270764346e-01
1.261999999999999789e+00,7.787930609864954778e-01
1.262999999999999901e+00,7.796336584215147747e-01
1.263999999999999790e+00,7.805071176176170411e-01
1.264999999999999902e+00,7.817676192620945930e-01
1.265999999999999792e+00,7.830164884783699097e-01
1.266999999999999904e+00,7.844419129891122555e-01
1.267999999999999794e+00,7.858220166069286305e-01
1.268999999999999906e+00,7.854437357124628427e-01
1.269999999999999796e+00,7.847890152953532761e-01
1.270999999999999908e+00,7.847957361025003076e-01
1.271999999999999797e+00,7.847889894198173399e-01
1.272999999999999909e+00,7.831481865868108461e-01
1.273999999999999799e+00,7.815392779837793125e-01
1.274999999999999911e+00,7.794531032606660803e-01
1.275999999999999801e+00,7.774437550786931217e-01
1.276999999999999913e+00,7.780434034224542605e-01
1.277999999999999803e+00,7.787857763611573114e-01
1.278999999999999915e+00,7.791895193034672484e-01
1.279999999999999805e+00,7.797184803204355585e-01
1.280999999999999694e+00,7.799185871187491736e-01
1.281999999999999806e+00,7.802697208386862870e-01
1.282999999999999696e+00,7.804205914447224224e-01
1.283999999999999808e+00,7.807067314102119626e-01
1.284999999999999698e+00,7.808451146781633101e-01
1.285999999999999810e+00,7.810813212563314512e-01
1.286999999999999700e+00,7.809268503038362397e-01
1.286999999999999922e+00,7.809268503038359066e-01
1.287999999999999812e+00,7.808204106776601705e-01
1.288999999999999702e+00,7.810810501285562202e-01
1.289999999999999813e+00,7.803959505088936544e-01
1.290999999999999703e+00,7.807147248536520090e-01
1.291999999999999815e+00,7.810986954452433517e-01
1.292999999999999705e+00,7.802358009937153671e-01
1.293999999999999817e+00,7.795021371566915880e-01
1.294999999999999707e+00,7.781214549143237180e-01
1.295999999999999819e+00,7.768835089000865057e-01
1.296999999999999709e+00,7.782745042461832741e-01
1.297999999999999821e+00,7.798293167480756516e-01
1.298999999999999710e+00,7.805499280368163317e-01
1.299999999999999822e+00,7.814127015120778674e-01
1.300999999999999712e+00,7.823149774592315087e-01
1.300999999999999934e+00,7.823149774592316197e-01
1.301999999999999824e+00,7.833633141352477347e-01
1.302999999999999714e+00,7.838577976608743780e-01
1.303999999999999826e+00,7.844296477480751095e-01
1.304999999999999716e+00,7.854209423401524726e-01
1.305999999999999828e+00,7.864516014891302920e-01
1.306999999999999718e+00,7.878980165456445084e-01
1.307999999999999829e+00,7.877168231071559612e-01
1.308999999999999719e+00,7.873522970073040250e-01
1.309999999999999831e+00,7.869279541113227694e-01
1.310999999999999721e+00,7.869459240483688278e-01
1.311999999999999833e+00,7.869315470081380548e-01
1.312999999999999723e+00,7.867324426906645574e-01
1.313999999999999835e+00,7.865227276609356721e-01
1.314999999999999725e+00,7.858649366502832301e-01
1.314999999999999947e+00,7.858649366502831191e-01
1.315999999999999837e+00,7.852256958686656407e-01
1.316999999999999726e+00,7.842463746768130184e-01
1.317999999999999838e+00,7.833427380552270280e-01
1.318999999999999728e+00,7.828491291012348308e-01
1.319999999999999840e+00,7.824692099024526115e-01
1.320999999999999730e+00,7.822839932210396974e-01
1.321999999999999842e+00,7.822907732382156087e-01
1.322999999999999732e+00,7.826331754086819359e-01
1.323999999999999844e+00,7.831194105681716922e-01
1.324999999999999734e+00,7.828191509208899390e-01
1.325999999999999845e+00,7.826583308576099407e-01
1.326999999999999735e+00,7.830100426508475042e-01
1.327999999999999847e+00,7.834923301530185569e-01
1.328999999999999737e+00,7.841283115934134518e-01
1.329999999999999849e+00,7.848496374999128777e-01
1.330999999999999739e+00,7.867680435439755593e-01
1.331999999999999851e+00,7.887203823778090594e-01
1.332999999999999741e+00,7.916798823113171402e-01
1.333999999999999853e+00,7.946423270503710778e-01
1.334999999999999742e+00,7.953895982942829068e-01
1.335999999999999854e+00,7.960985042053762006e-01
1.336999999999999744e+00,7.965044280406081700e-01
1.337999999999999856e+00,7.968587268844353755e-01
1.338999999999999746e+00,7.985328481269542422e-01
1.339999999999999858e+00,8.001507544315206166e-01
1.340999999999999748e+00,8.011495459271944508e-01
1.341999999999999860e+00,8.012734304454028900e-01
1.342999999999999972e+00,7.990982930753879332e-01
1.343999999999999861e+00,7.968573419903596244e-01
1.344999999999999973e+00,7.968131243674304587e-01
1.345999999999999863e+00,7.966867591170401219e-01
1.346999999999999975e+00,7.958574351229104060e-01
1.347999999999999865e+00,7.949538942350988791e-01
1.348999999999999977e+00,7.943835988721612562e-01
1.349999999999999867e+00,7.937255384925386847e-01
1.350999999999999979e+00,7.917352855289363500e-01
1.351999999999999869e+00,7.896610538501217524e-01
1.352999999999999980e+00,7.881965192314343005e-01
1.353999999999999870e+00,7.866072995013224656e-01
1.354999999999999982e+00,7.850210970157445178e-01
1.355999999999999872e+00,7.833283250060310010e-01
1.356999999999999984e+00,7.810447004304015284e-01
1.357999999999999874e+00,7.786472851035235454e-01
1.358999999999999986e+00,7.771719473494511643e-01
1.359999999999999876e+00,7.755438301202071116e-01
1.360999999999999988e+00,7.730139329703525908e-01
1.361999999999999877e+00,7.703481696627368924e-01
1.362999999999999989e+00,7.682470252083705153e-01
1.363999999999999879e+00,7.659550437635319620e-01
1.364999999999999991e+00,7.622111395710718940e-01
1.365999999999999881e+00,7.582989621539995007e-01
1.366999999999999993e+00,7.545639092015129501e-01
1.367999999999999883e+00,7.506878931654290543e-01
1.368999999999999995e+00,7.474905625337125992e-01
1.369999999999999885e+00,7.441241871854183954e-01
1.370999999999999774e+00,7.392294705060630244e-01
1.371999999999999886e+00,7.341894904185188864e-01
1.372999999999999776e+00,7.286244017024506858e-01
1.373999999999999888e+00,7.228181349771316544e-01
1.374999999999999778e+00,7.183253860497184062e-01
1.375999999999999890e+00,7.135788942069314356e-01
1.376999999999999780e+00,7.079560047707161852e-01
1.377999999999999892e+00,7.021831291929144792e-01
1.378999999999999782e+00,6.979252312333146246e-01
1.379999999999999671e+00,6.935658680886787053e-01
1.379999999999999893e+00,6.935658680886782612e-01
1.380999999999999783e+00,6.886223379161312552e-01
1.381999999999999895e+00,6.835692569710590805e-01
1.382999999999999785e+00,6.768636929891539422e-01
1.383999999999999897e+00,6.699861246707784490e-01
1.384999999999999787e+00,6.624632880298253479e-01
1.385999999999999899e+00,6.546720509585702841e-01
1.386999999999999789e+00,6.487324969518662998e-01
1.387999999999999901e+00,6.424547386968130214e-01
1.388999999999999790e+00,6.343398588852163789e-01
1.389999999999999902e+00,6.259766150161514275e-01
1.390999999999999792e+00,6.174996205220751877e-01
1.391999999999999904e+00,6.088536887584016233e-01
1.392999999999999794e+00,6.003211874228576717e-01
1.393999999999999906e+00,5.915348328319671722e-01
1.394999999999999796e+00,5.818486162501234071e-01
1.395999999999999908e+00,5.715712770015465294e-01
1.396999999999999797e+00,5.603410023633947912e-01
1.397999999999999909e+00,5.479843261035978186e-01
1.398999999999999799e+00,5.351000099198740534e-01
1.399999999999999689e+00,5.203431089451491243e-01
1.399999999999999911e+00,5.203431089451465708e-01
1.400999999999999801e+00,5.048575594038503533e-01
1.401999999999999913e+00,4.874656806728118186e-01
1.402999999999999803e+00,4.698538279569365317e-01
1.403999999999999915e+00,4.505933941300548917e-01
1.404999999999999805e+00,4.287413270241252627e-01
1.405999999999999917e+00,4.058310433935866657e-01
1.406999999999999806e+00,3.798626318774728783e-01
1.407999999999999696e+00,3.533599389475781116e-01
1.407999999999999918e+00,3.533599389475728381e-01
1.408999999999999808e+00,3.251863509429576138e-01
1.409999999999999698e+00,2.968079723966020045e-01
1.409999999999999920e+00,2.968079723965968419e-01
1.410999999999999810e+00,2.675108833665790220e-01
1.411999999999999700e+00,2.394122769341505974e-01
1.411999999999999922e+00,2.394122769341457402e-01
1.412999999999999812e+00,2.130219738892258075e-01
1.413999999999999702e+00,1.907911480086703360e-01
1.413999999999999924e+00,1.907911480086665612e-01
1.414999999999999813e+00,1.701533026544935767e-01
1.415999999999999703e+00,1.585424555070105435e-01
1.415999999999999925e+00,1.585424555070088781e-01
1.416999999999999815e+00,1.487720418793534449e-01
1.417999999999999705e+00,1.500615167994850674e-01
1.417999999999999927e+00,1.500615167994860943e-01
1.418999999999999817e+00,1.559933587153776446e-01
1.419999999999999707e+00,1.711903318571825483e-01
1.419999999999999929e+00,1.711903318571864896e-01
1.420999999999999819e+00,1.927305220041302669e-01
1.421999999999999709e+00,2.201827044790226340e-01
1.421999999999999931e+00,2.201827044790287957e-01
1.422999999999999821e+00,2.543242612333732056e-01
1.423999999999999710e+00,2.912119125112753726e-01
1.423999999999999932e+00,2.912119125112829221e-01
1.424999999999999822e+00,3.301520368799923388e-01
1.425999999999999712e+00,3.693588600058836935e-01
1.425999999999999934e+00,3.693588600058907434e-01
1.426999999999999824e+00,4.091506696321109415e-01
1.427999999999999714e+00,4.482064717145742283e-01
1.427999999999999936e+00,4.482064717145808341e-01
1.428999999999999826e+00,4.844861011385124816e-01
1.429999999999999716e+00,4.886778253405422157e-01
1.429999999999999938e+00,4.886778253405389960e-01
1.430999999999999828e+00,4.705596301267369053e-01
1.431999999999999718e+00,4.508045567953287702e-01
1.431999999999999940e+00,4.508045567953252730e-01
1.432999999999999829e+00,4.290280697245683061e-01
1.433999999999999719e+00,4.051615104042660676e-01
1.433999999999999941e+00,4.051615104042615156e-01
1.434999999999999831e+00,3.814821685022335984e-01
1.435999999999999721e+00,3.554655617770565157e-01
1.435999999999999943e+00,3.554655617770516307e-01
1.436999999999999833e+00,3.280266581493287981e-01
1.437999999999999723e+00,2.992295542697617772e-01
1.437999999999999945e+00,2.992295542697566701e-01
1.438999999999999835e+00,2.710699123970241042e-01
1.439999999999999725e+00,2.435973171085255018e-01
1.439999999999999947e+00,2.435973171085207278e-01
1.440999999999999837e+00,2.174455024973252493e-01
1.441999999999999726e+00,1.942429215327693970e-01
1.441999999999999948e+00,1.942429215327657333e-01
1.442999999999999838e+00,1.739893701076840604e-01
1.443999999999999728e+00,1.585773264817921246e-01
1.443999999999999950e+00,1.585773264817905703e-01
1.444999999999999840e+00,1.496419471331572604e-01
1.445999999999999730e+00,1.461627253203384158e-01
1.445999999999999952e+00,1.461627253203394983e-01
1.446999999999999842e+00,1.521761943983825360e-01
1.447999999999999732e+00,1.629207472685743341e-01
1.447999999999999954e+00,1.629207472685781644e-01
1.448999999999999844e+00,1.837404249356869856e-01
1.449999999999999734e+00,2.074847707426910048e-01
1.449999999999999956e+00,2.074847707426970000e-01
1.450999999999999845e+00,2.402717121395360478e-01
1.451999999999999735e+00,2.741216086647958461e-01
1.451999999999999957e+00,2.741216086648030070e-01
1.452999999999999847e+00,3.141172928512427354e-01
1.453999999999999737e+00,3.543502759826662740e-01
1.453999999999999959e+00,3.543502759826736015e-01
1.454999999999999849e+00,3.939489250124140196e-01
1.455999999999999739e+00,4.328675332927097719e-01
1.455999999999999961e+00,4.328675332927162667e-01
1.456999999999999851e+00,4.688155542814581578e-01
1.457999999999999741e+00,5.031948821956770956e-01
1.457999999999999963e+00,5.031948821956828688e-01
1.458999999999999853e+00,5.361812693532006513e-01
1.459999999999999742e+00,5.672565606440302943e-01
1.459999999999999964e+00,5.672565606440348462e-01
1.460999999999999854e+00,5.929004060455208558e-01
1.461999999999999744e+00,6.161407792425811492e-01
1.461999999999999966e+00,6.161407792425852570e-01
1.462999999999999856e+00,6.364633825700618530e-01
1.463999999999999746e+00,6.544076651442956027e-01
1.463999999999999968e+00,6.544076651442984893e-01
1.464999999999999858e+00,6.727840537549805155e-01
1.465999999999999748e+00,6.891034733082400665e-01
1.465999999999999970e+00,6.891034733082429531e-01
1.466999999999999860e+00,7.002881641738458729e-01
1.467999999999999750e+00,7.095424207738387778e-01
1.467999999999999972e+00,7.095424207738399991e-01
1.468999999999999861e+00,7.211483410650683101e-01
1.469999999999999751e+00,7.316483793510596412e-01
1.469999999999999973e+00,7.316483793510610845e-01
1.470999999999999863e+00,7.404972437169163868e-01
1.471999999999999753e+00,7.485366372001270863e-01
1.471999999999999975e+00,7.485366372001287516e-01
1.472999999999999865e+00,7.543012113217796299e-01
1.473999999999999755e+00,7.592664835311632165e-01
1.473999999999999977e+00,7.592664835311639937e-01
1.474999999999999867e+00,7.641366309850243788e-01
1.475999999999999757e+00,7.683709546457627715e-01
1.475999999999999979e+00,7.683709546457635486e-01
1.476999999999999869e+00,7.739294117941786233e-01
1.477999999999999758e+00,7.790769215943913473e-01
1.477999999999999980e+00,7.790769215943925685e-01
1.478999999999999870e+00,7.813519435493406773e-01
1.479999999999999760e+00,7.832474500869849310e-01
1.479999999999999982e+00,7.832474500869849310e-01
1.480999999999999872e+00,7.870593290928846741e-01
1.481999999999999762e+00,7.905444957550618046e-01
1.481999999999999984e+00,7.905444957550622487e-01
1.482999999999999874e+00,7.923711339787525842e-01
1.483999999999999764e+00,7.939538790167298687e-01
1.483999999999999986e+00,7.939538790167302018e-01
1.484999999999999876e+00,7.958057642285184530e-01
1.485999999999999766e+00,7.974729222320692257e-01
1.485999999999999988e+00,7.974729222320698918e-01
1.486999999999999877e+00,8.002574369922969000e-01
1.487999999999999767e+00,8.028894968402431331e-01
1.487999999999999989e+00,8.028894968402437993e-01
1.488999999999999879e+00,8.043792404688366871e-01
1.489999999999999769e+00,8.057330849048466304e-01
1.489999999999999991e+00,8.057330849048471855e-01
1.490999999999999881e+00,8.047520745978554713e-01
1.491999999999999771e+00,8.036815657767255594e-01
1.491999999999999993e+00,8.036815657767254484e-01
1.492999999999999883e+00,8.061443880929094474e-01
1.493999999999999773e+00,8.085331497159856662e-01
1.493999999999999995e+00,8.085331497159858882e-01
1.494999999999999885e+00,8.095117007954985011e-01
1.495999999999999774e+00,8.104095793519923152e-01
1.495999999999999996e+00,8.104095793519926483e-01
1.496999999999999886e+00,8.115755261033776868e-01
1.497999999999999776e+00,8.126731002811014015e-01
1.497999999999999998e+00,8.126731002811014015e-01
1.498999999999999888e+00,8.147221326051383716e-01
1.499999999999999778e+00,8.167278220348209716e-01
1.500000000000000000e+00,8.167278220348215267e-01
1.500999999999999890e+00,8.163116672394059581e-01
1.501999999999999780e+00,8.158454154958163507e-01
1.502999999999999892e+00,8.151019770769518669e-01
1.503999999999999782e+00,8.137765099168410288e-01
1.504999999999999893e+00,8.154497986605795390e-01
1.505999999999999783e+00,8.170755370287713371e-01
1.506999999999999895e+00,8.160745897601647814e-01
1.507999999999999785e+00,8.150348018343682721e-01
1.508999999999999897e+00,8.149320511135486056e-01
1.509999999999999787e+00,8.147982865565001065e-01
1.510999999999999899e+00,8.123448286342492830e-01
1.511999999999999789e+00,8.098711794562950539e-01
1.512999999999999901e+00,8.106428286961060437e-01
1.513999999999999790e+00,8.114049288732136933e-01
1.514999999999999902e+00,8.102706575004705591e-01
1.515999999999999792e+00,8.091515331843838199e-01
1.516999999999999904e+00,8.098287269776451858e-01
1.517999999999999794e+00,8.105439319040574908e-01
1.518999999999999906e+00,8.097221959074626385e-01
1.519999999999999796e+00,8.089794186587770941e-01
1.520999999999999908e+00,8.087606210909604743e-01
1.521999999999999797e+00,8.086501658675394610e-01
1.522999999999999909e+00,8.058203062328781474e-01
1.523999999999999799e+00,8.031211187325818512e-01
1.524999999999999911e+00,8.038791054627872912e-01
1.525999999999999801e+00,8.047530793338438793e-01
1.526999999999999913e+00,8.059721214497830299e-01
1.527999999999999803e+00,8.073190777380300220e-01
1.528999999999999915e+00,8.061757086864010935e-01
1.529999999999999805e+00,8.051617771101080567e-01
1.530999999999999917e+00,8.072684320183630691e-01
1.531999999999999806e+00,8.094713204825855213e-01
1.532999999999999918e+00,8.102486215475740439e-01
1.533999999999999808e+00,8.110806159739132326e-01
1.534999999999999920e+00,8.119283753855478514e-01
1.535999999999999810e+00,8.128009462325148649e-01
1.535999999999999810e+00,8.128009462325154200e-01
1.536999999999999700e+00,8.143288539179155405e-01
1.537999999999999812e+00,8.158727151213291950e-01
1.537999999999999812e+00,8.158727151213297502e-01
1.538999999999999702e+00,8.165198668924269487e-01
1.539999999999999813e+00,8.167903516459353863e-01
1.539999999999999813e+00,8.167903516459347202e-01
1.540999999999999703e+00,8.146653599307237537e-01
1.541999999999999815e+00,8.125257841042750062e-01
1.541999999999999815e+00,8.125257841042748952e-01
1.542999999999999705e+00,8.122963161039005175e-01
1.543999999999999817e+00,8.120594955274373916e-01
1.543999999999999817e+00,8.120594955274378357e-01
1.544999999999999707e+00,8.119290449773973739e-01
1.545999999999999819e+00,8.118080250376840112e-01
1.545999999999999819e+00,8.118080250376841223e-01
1.546999999999999709e+00,8.102252906904701124e-01
1.547999999999999821e+00,8.086890356719381723e-01
1.547999999999999821e+00,8.086890356719385053e-01
1.548999999999999710e+00,8.085659918426184589e-01
1.549999999999999600e+00,8.085220270194733994e-01
1.549999999999999822e+00,8.085220270194731773e-01
1.550999999999999712e+00,8.076501467420954539e-01
1.551999999999999602e+00,8.068789531185446284e-01
1.551999999999999824e+00,8.068789531185451835e-01
1.552999999999999714e+00,8.068269731859215588e-01
1.553999999999999604e+00,8.068906163892834993e-01
1.553999999999999826e+00,8.068906163892834993e-01
1.554999999999999716e+00,8.061788544010026758e-01
1.555999999999999606e+00,8.055878247620437138e-01
1.555999999999999828e+00,8.055878247620439359e-01
1.556999999999999718e+00,8.063129967151581035e-01
1.557999999999999607e+00,8.071677647449976289e-01
1.557999999999999829e+00,8.071677647449980730e-01
1.558999999999999719e+00,8.084386567946145741e-01
1.559999999999999609e+00,8.098353149232777604e-01
1.559999999999999831e+00,8.098353149232776493e-01
1.560999999999999721e+00,8.105179430021239861e-01
1.561999999999999611e+00,8.112962034627467789e-01
1.561999999999999833e+00,8.112962034627471120e-01
1.562999999999999723e+00,8.117140328977371366e-01
1.563999999999999613e+00,8.121882748778771477e-01
1.563999999999999835e+00,8.121882748778771477e-01
1.564999999999999725e+00,8.137976412687697447e-01
1.565999999999999615e+00,8.154542828822500811e-01
1.565999999999999837e+00,8.154542828822503031e-01
1.566999999999999726e+00,8.165944542542259432e-01
1.567999999999999616e+00,8.177592286824073575e-01
1.567999999999999838e+00,8.177592286824078016e-01
1.568999999999999728e+00,8.191415539508795085e-01
1.569999999999999618e+00,8.205211438675804603e-01
1.569999999999999840e+00,8.205211438675806823e-01
1.570999999999999730e+00,8.217241636476622091e-01
1.571999999999999620e+00,8.228990778759668334e-01
1.571999999999999842e+00,8.228990778759671665e-01
1.572999999999999732e+00,8.242618086546009692e-01
1.573999999999999622e+00,8.255822392069056548e-01
1.573999999999999844e+00,8.255822392069053217e-01
1.574999999999999734e+00,8.241622471299049346e-01
1.575999999999999623e+00,8.226920126189369853e-01
1.575999999999999845e+00,8.226920126189376514e-01
1.576999999999999735e+00,8.250462107294155301e-01
1.577999999999999625e+00,8.273631349120962319e-01
1.577999999999999847e+00,8.273631349120961209e-01
1.578999999999999737e+00,8.293356428251794643e-01
1.579999999999999627e+00,8.312674799017391036e-01
1.579999999999999849e+00,8.312674799017393257e-01
1.580999999999999739e+00,8.305906831936740176e-01
1.581999999999999629e+00,8.298673542859016372e-01
1.581999999999999851e+00,8.298673542859010821e-01
1.582999999999999741e+00,8.295588766763433153e-01
1.583999999999999631e+00,8.292032086142364644e-01
1.583999999999999853e+00,8.292032086142371305e-01
1.584999999999999742e+00,8.314231607011146608e-01
1.585999999999999632e+00,8.336085293977070210e-01
1.585999999999999854e+00,8.336085293977071320e-01
1.586999999999999744e+00,8.335284025591492840e-01
1.587999999999999634e+00,8.334118272620184564e-01
1.587999999999999856e+00,8.334118272620186785e-01
1.588999999999999746e+00,8.341850829816251922e-01
1.589999999999999636e+00,8.347614669717564606e-01
1.589999999999999858e+00,8.347614669717564606e-01
1.590999999999999748e+00,8.328863562103135942e-01
1.591999999999999638e+00,8.309837562094628538e-01
1.591999999999999860e+00,8.309837562094628538e-01
1.592999999999999750e+00,8.316918182887751421e-01
1.593999999999999639e+00,8.323684809525743189e-01
1.593999999999999861e+00,8.323684809525743189e-01
1.594999999999999751e+00,8.310273432048379538e-01
1.595999999999999641e+00,8.296574530797808933e-01
1.595999999999999863e+00,8.296574530797807823e-01
1.596999999999999753e+00,8.285756697709535379e-01
1.597999999999999643e+00,8.274645152715408569e-01
1.597999999999999865e+00,8.274645152715406349e-01
1.598999999999999755e+00,8.266420081708597545e-01
1.599999999999999645e+00,8.257978733109750946e-01
1.599999999999999867e+00,8.257978733109749836e-01
1.600999999999999757e+00,8.249903457734735213e-01
1.601999999999999647e+00,8.241691122429276595e-01
1.601999999999999869e+00,8.241691122429276595e-01
1.602999999999999758e+00,8.235903964714910153e-01
1.603999999999999648e+00,8.230083623619558475e-01
1.603999999999999870e+00,8.230083623619557365e-01
1.604999999999999760e+00,8.221368934284359886e-01
1.605999999999999650e+00,8.212801866389460859e-01
1.605999999999999872e+00,8.212801866389459748e-01
1.606999999999999762e+00,8.214053206620492986e-01
1.607999999999999652e+00,8.215599578181697060e-01
1.607999999999999874e+00,8.215599578181691509e-01
1.608999999999999764e+00,8.202509051345564517e-01
1.609999999999999654e+00,8.189902941511288947e-01
1.609999999999999876e+00,8.189902941511287837e-01
1.610999999999999766e+00,8.182018179666983304e-01
1.611999999999999655e+00,8.174761918489829027e-01
1.611999999999999877e+00,8.174761918489829027e-01
1.612999999999999767e+00,8.174916832925867016e-01
1.613999999999999657e+00,8.175903617262690881e-01
1.613999999999999879e+00,8.175903617262689771e-01
1.614999999999999769e+00,8.176864713703186904e-01
1.615999999999999659e+00,8.178653735028090788e-01
1.615999999999999881e+00,8.178653735028096339e-01
1.616999999999999771e+00,8.188971163679772403e-01
1.617999999999999661e+00,8.200128591007047607e-01
1.617999999999999883e+00,8.200128591007047607e-01
1.618999999999999773e+00,8.194819932992963851e-01
1.619999999999999662e+00,8.190284814102011257e-01
1.619999999999999885e+00,8.190284814102011257e-01
1.620999999999999774e+00,8.194076898130546738e-01
1.621999999999999664e+00,8.198501200318286664e-01
1.621999999999999886e+00,8.198501200318289994e-01
1.622999999999999776e+00,8.196405036130991473e-01
1.623999999999999666e+00,8.194789080942148640e-01
1.623999999999999888e+00,8.194789080942149750e-01
1.624999999999999778e+00,8.196696980830646684e-01
1.625999999999999668e+00,8.198927334421765023e-01
1.625999999999999890e+00,8.198927334421768354e-01
1.626999999999999780e+00,8.199318870111498292e-01
1.627999999999999670e+00,8.199886430895236833e-01
1.627999999999999892e+00,8.199886430895237943e-01
1.628999999999999782e+00,8.203871890688133606e-01
1.629999999999999671e+00,8.207872561831344171e-01
1.629999999999999893e+00,8.207872561831343061e-01
1.630999999999999783e+00,8.198074068150931204e-01
1.631999999999999673e+00,8.188169293224204504e-01
1.631999999999999895e+00,8.188169293224210055e-01
1.632999999999999785e+00,8.202535932843932898e-01
1.633999999999999675e+00,8.216716525234873947e-01
1.633999999999999897e+00,8.216716525234877277e-01
1.634999999999999787e+00,8.234501158732393522e-01
1.635999999999999677e+00,8.242525514925337360e-01
1.635999999999999899e+00,8.242525514925337360e-01
1.636999999999999789e+00,8.232477461256333395e-01
1.637999999999999678e+00,8.222523561630924460e-01
1.637999999999999901e+00,8.222523561630923350e-01
1.638999999999999790e+00,8.221384956970906321e-01
1.639999999999999680e+00,8.220452757391977228e-01
1.640000000000000124e+00,8.220452757391976117e-01
1.640999999999999792e+00,8.202639536134318510e-01
1.641999999999999682e+00,8.185250354312408883e-01
1.642000000000000126e+00,8.185250354312416654e-01
1.642999999999999794e+00,8.188653607151389346e-01
1.643999999999999684e+00,8.192640196734205515e-01
1.644000000000000128e+00,8.192640196734202185e-01
1.644999999999999796e+00,8.185643438403291672e-01
1.645999999999999686e+00,8.179384517877757999e-01
1.646000000000000130e+00,8.179384517877757999e-01
1.646999999999999797e+00,8.175339274006021562e-01
1.647999999999999687e+00,8.172080013378066887e-01
1.648000000000000131e+00,8.172080013378067997e-01
1.648999999999999799e+00,8.166508696606211704e-01
1.649999999999999689e+00,8.161741336649390721e-01
1.650000000000000133e+00,8.161741336649397383e-01
1.650999999999999801e+00,8.173251876169710384e-01
1.651999999999999691e+00,8.185520185189223419e-01
1.652000000000000135e+00,8.185520185189226750e-01
1.652999999999999803e+00,8.172679197149717023e-01
1.653999999999999693e+00,8.160585095648413834e-01
1.654000000000000137e+00,8.160585095648419385e-01
1.654999999999999805e+00,8.165344633168619692e-01
1.655999999999999694e+00,8.170753395424387167e-01
1.656000000000000139e+00,8.170753395424394938e-01
1.656999999999999806e+00,8.178603922612600607e-01
1.657999999999999696e+00,8.186853333381129971e-01
1.658000000000000140e+00,8.186853333381138853e-01
1.658999999999999808e+00,8.200033714497839687e-01
1.659999999999999698e+00,8.213390124821552396e-01
1.660000000000000142e+00,8.213390124821553506e-01
1.660999999999999810e+00,8.211269615971142910e-01
1.661999999999999700e+00,8.209184033858366591e-01
1.662000000000000144e+00,8.209184033858368812e-01
1.662999999999999812e+00,8.217312249268211577e-01
1.663999999999999702e+00,8.225406124257317320e-01
1.664000000000000146e+00,8.225406124257321760e-01
1.664999999999999813e+00,8.234031012006117756e-01
1.665999999999999703e+00,8.242492687690872177e-01
1.666999999999999815e+00,8.236380919742978257e-01
1.667999999999999705e+00,8.224848792901411354e-01
1.668999999999999817e+00,8.221760034201462952e-01
1.669999999999999707e+00,8.218382568170137237e-01
1.670999999999999819e+00,8.208544345030810430e-01
1.671999999999999709e+00,8.198455714483122714e-01
1.672999999999999821e+00,8.182021010643301118e-01
1.673999999999999710e+00,8.165320395181537849e-01
1.674999999999999822e+00,8.163168755780759733e-01
1.675999999999999712e+00,8.160750961859527530e-01
1.676999999999999824e+00,8.167522962357010030e-01
1.677999999999999714e+00,8.174161345083563734e-01
1.678999999999999826e+00,8.161243336562868933e-01
1.679999999999999716e+00,8.148325160089403552e-01
1.680999999999999828e+00,8.130500058641965122e-01
1.681999999999999718e+00,8.112853899910268396e-01
1.682999999999999607e+00,8.112752153725335535e-01
1.683999999999999719e+00,8.112937120038918870e-01
1.684999999999999609e+00,8.109925432544938806e-01
1.685999999999999721e+00,8.107465422375074171e-01
1.686999999999999611e+00,8.100923200475601549e-01
1.687999999999999723e+00,8.095023622300886457e-01
1.688999999999999613e+00,8.084947471201320290e-01
1.689999999999999725e+00,8.075576586676226354e-01
1.690999999999999615e+00,8.059798503378841072e-01
1.691999999999999726e+00,8.044825772217629734e-01
1.692999999999999616e+00,8.052333532316853226e-01
1.693999999999999728e+00,8.060649763957062897e-01
1.694999999999999618e+00,8.064239990390400514e-01
1.695999999999999730e+00,8.068634746607431518e-01
1.696999999999999620e+00,8.075661557608446728e-01
1.697999999999999732e+00,8.083254922424075728e-01
1.698999999999999622e+00,8.082054514424708014e-01
1.699999999999999734e+00,8.081314589075806465e-01
1.700999999999999623e+00,8.075375206147751284e-01
1.701999999999999735e+00,8.069805967184883189e-01
1.702999999999999625e+00,8.072888361700354398e-01
1.703999999999999737e+00,8.076299024853349495e-01
1.704999999999999627e+00,8.080966221148205841e-01
1.705999999999999739e+00,8.085789769454136966e-01
1.706999999999999629e+00,8.095073096310644312e-01
1.707999999999999741e+00,8.104410322922284138e-01
1.708999999999999631e+00,8.114589117980081090e-01
1.709999999999999742e+00,8.124743918151161592e-01
1.710999999999999632e+00,8.136051096831914409e-01
1.711999999999999744e+00,8.147247611109782461e-01
1.712999999999999634e+00,8.150437756112036691e-01
1.713999999999999746e+00,8.142416959207977589e-01
1.714999999999999636e+00,8.125719257550695351e-01
1.715999999999999748e+00,8.109204471960119731e-01
1.716999999999999638e+00,8.109871966042703217e-01
1.717999999999999750e+00,8.110861227174414045e-01
1.718999999999999639e+00,8.105234697468173266e-01
1.719999999999999751e+00,8.100203179845320012e-01
1.720999999999999641e+00,8.089120261737581252e-01
1.721999999999999753e+00,8.078666185785157161e-01
1.722999999999999643e+00,8.072147343470928993e-01
1.723999999999999755e+00,8.066280920408759325e-01
1.724999999999999645e+00,8.065111186640524510e-01
1.725999999999999757e+00,8.064790549892844052e-01
1.726999999999999647e+00,8.073125439229624778e-01
1.727999999999999758e+00,8.082487687909948315e-01
1.728999999999999648e+00,8.070853870541481179e-01
1.729999999999999760e+00,8.060013470706485217e-01
1.730999999999999650e+00,8.050695322534242582e-01
1.731999999999999762e+00,8.042021788423049378e-01
1.732999999999999652e+00,8.061846949150134334e-01
1.733999999999999764e+00,8.082216676186039228e-01
1.734999999999999654e+00,8.093172965012938036e-01
1.735999999999999766e+00,8.104684669817605602e-01
1.736999999999999655e+00,8.100390927070640901e-01
1.737999999999999767e+00,8.096414709641777119e-01
1.738999999999999657e+00,8.096777090305754543e-01
1.739999999999999769e+00,8.097307051578053194e-01
1.740999999999999659e+00,8.109853686333414746e-01
1.741999999999999771e+00,8.122466414516713584e-01
1.742999999999999661e+00,8.131996737139283171e-01
1.743999999999999773e+00,8.141483606020655239e-01
1.744999999999999662e+00,8.142432960705245915e-01
1.745999999999999774e+00,8.143265220435007556e-01
1.746999999999999664e+00,8.145405099610628641e-01
1.747999999999999776e+00,8.147363672750018715e-01
1.748999999999999666e+00,8.147473820428725588e-01
1.749999999999999778e+00,8.147345348892528483e-01
1.750999999999999668e+00,8.155088415033210358e-01
1.751999999999999780e+00,8.162608171743958030e-01
1.752999999999999670e+00,8.175132549562926787e-01
1.753999999999999782e+00,8.181960558831801178e-01
1.754999999999999671e+00,8.181712322989689312e-01
1.755999999999999783e+00,8.181462100928025283e-01
1.756999999999999673e+00,8.178725715647616745e-01
1.757999999999999785e+00,8.176011219327459223e-01
1.758999999999999675e+00,8.178090143707233972e-01
1.759999999999999787e+00,8.180199542676236391e-01
1.760999999999999677e+00,8.177774748717313580e-01
1.761999999999999789e+00,8.175388382562667200e-01
1.762999999999999678e+00,8.173256988962759317e-01
1.763999999999999790e+00,8.171176328802682853e-01
1.764999999999999680e+00,8.169762607499534424e-01
1.765999999999999792e+00,8.168393749945107585e-01
1.766999999999999682e+00,8.161885522216824063e-01
1.767999999999999794e+00,8.155417996235184708e-01
1.768999999999999684e+00,8.157694207986475599e-01
1.769999999999999796e+00,8.159997533659594238e-01
1.770999999999999686e+00,8.162742115353730510e-01
1.771999999999999797e+00,8.165407299304897615e-01
1.772999999999999687e+00,8.164759520559006223e-01
1.773999999999999799e+00,8.164106647674679307e-01
1.774999999999999689e+00,8.153283174407911504e-01
1.775999999999999801e+00,8.142445175091095333e-01
1.776999999999999691e+00,8.143136911632468111e-01
1.777999999999999803e+00,8.143784563210897387e-01
1.778999999999999693e+00,8.151580578531083532e-01
1.779999999999999805e+00,8.159286601759108137e-01
1.780999999999999694e+00,8.149079932156523265e-01
1.781999999999999806e+00,8.138768637385137561e-01
1.782999999999999696e+00,8.126853128089374101e-01
1.783999999999999808e+00,8.114800913798144721e-01
1.784999999999999698e+00,8.120920965712122852e-01
1.785999999999999810e+00,8.126797606381459538e-01
1.787000000000000144e+00,8.132442085237164831e-01
1.787999999999999812e+00,8.137869793992889011e-01
1.789000000000000146e+00,8.126630973937730706e-01
1.789999999999999813e+00,8.115140453238832707e-01
1.790999999999999703e+00,8.106217337263180722e-01
1.791000000000000147e+00,8.106217337263176281e-01
1.791999999999999815e+00,8.096948237143211102e-01
1.792999999999999705e+00,8.101657681858516202e-01
1.793999999999999817e+00,8.105945268307636065e-01
1.794999999999999707e+00,8.100230465055290319e-01
1.795999999999999819e+00,8.094065322615479063e-01
1.796999999999999709e+00,8.081422458803078079e-01
1.797999999999999821e+00,8.068229533874965442e-01
1.798999999999999710e+00,8.053238923506275126e-01
1.799999999999999822e+00,8.037582175369625270e-01
1.800999999999999712e+00,8.034998722615281919e-01
1.801999999999999824e+00,8.031633439568824917e-01
1.802999999999999714e+00,8.025999892078445885e-01
1.803999999999999826e+00,8.019462105400504415e-01
1.804999999999999716e+00,8.007334021994934048e-01
1.805999999999999828e+00,7.993896542320652054e-01
1.806999999999999718e+00,7.978492583585874431e-01
1.807999999999999829e+00,7.961615031955388000e-01
1.808999999999999719e+00,7.946714007143623748e-01
1.809999999999999831e+00,7.930343775970446485e-01
1.810999999999999721e+00,7.903949857151127967e-01
1.811999999999999833e+00,7.875916917610811252e-01
1.812999999999999723e+00,7.852836543344794418e-01
1.813999999999999613e+00,7.827851240646692688e-01
1.814999999999999725e+00,7.797836629267296260e-01
1.815999999999999615e+00,7.763506355975289264e-01
1.816999999999999726e+00,7.723494337735749005e-01
1.817999999999999616e+00,7.677547069334215157e-01
1.818999999999999728e+00,7.646021361060716393e-01
1.819999999999999618e+00,7.614394681730285441e-01
1.820999999999999730e+00,7.566427678046449001e-01
1.821999999999999620e+00,7.515280895940135153e-01
1.822999999999999732e+00,7.453867024539229114e-01
1.823999999999999622e+00,7.379846649664226765e-01
1.824999999999999734e+00,7.307212560418104852e-01
1.825999999999999623e+00,7.234613313914111110e-01
1.826999999999999735e+00,7.147627305705014367e-01
1.827999999999999625e+00,7.055441165498471667e-01
1.828999999999999737e+00,6.970476539296168728e-01
1.829999999999999627e+00,6.862099958712660763e-01
1.830999999999999739e+00,6.739051408800624809e-01
1.831999999999999629e+00,6.615975264608636719e-01
1.832999999999999741e+00,6.463778395445264335e-01
1.833999999999999631e+00,6.301836235290619870e-01
1.834999999999999742e+00,6.136865028634838071e-01
1.835999999999999632e+00,5.936589543233056210e-01
1.836999999999999744e+00,5.727524737639212438e-01
1.837999999999999634e+00,5.518273881434782036e-01
1.838999999999999746e+00,5.270130424551342507e-01
1.839999999999999636e+00,5.006167932752677574e-01
1.840999999999999748e+00,4.740849724091679152e-01
1.841999999999999638e+00,4.447118543996311235e-01
1.842999999999999750e+00,4.136483766606424695e-01
1.843999999999999639e+00,3.826296952958272435e-01
1.844999999999999751e+00,3.511508737524999257e-01
1.845999999999999641e+00,3.191471870477481931e-01
1.846999999999999753e+00,2.869776500559545473e-01
1.847999999999999643e+00,2.568417982779483966e-01
1.848999999999999755e+00,2.286915140635250310e-01
1.849999999999999645e+00,2.005047873513053913e-01
1.850999999999999757e+00,1.766046976645687383e-01
1.851999999999999647e+00,1.572847690433589740e-01
1.852999999999999758e+00,1.376018867019263847e-01
1.853999999999999648e+00,1.221416112197409032e-01
1.854999999999999760e+00,1.133495589107491736e-01
1.855999999999999650e+00,1.045751125817209332e-01
1.856999999999999762e+00,9.851146792779975903e-02
1.857999999999999652e+00,9.895220956642040988e-02
1.858999999999999764e+00,9.946551798141115008e-02
1.859999999999999654e+00,1.008970282382439104e-01
1.860999999999999766e+00,1.063121116282650103e-01
1.861999999999999655e+00,1.117252067954740830e-01
1.862999999999999767e+00,1.172331584315536024e-01
1.863999999999999657e+00,1.234565912015053030e-01
1.864999999999999769e+00,1.296689968302489893e-01
1.865999999999999659e+00,1.358822793828633191e-01
1.866999999999999771e+00,1.402951638658338496e-01
1.867999999999999661e+00,1.446073025448298133e-01
1.868999999999999773e+00,1.489269825940048586e-01
1.869999999999999662e+00,1.512180437610484984e-01
1.870999999999999774e+00,1.531849793550035810e-01
1.871999999999999664e+00,1.551542252074461226e-01
1.872999999999999776e+00,1.563202136477158111e-01
1.873999999999999666e+00,1.570727719156561342e-01
1.874999999999999778e+00,1.575901908323514011e-01
1.875999999999999668e+00,1.590984708107154033e-01
1.876999999999999780e+00,1.618392090703179020e-01
1.877999999999999670e+00,1.645850314930111524e-01
1.878999999999999782e+00,1.693966010832200497e-01
1.879999999999999671e+00,1.784469282042848159e-01
1.880999999999999783e+00,1.876346034197891866e-01
1.881999999999999673e+00,1.984842775488770417e-01
1.882999999999999785e+00,2.174712062953051139e-01
1.883999999999999675e+00,2.364399533872141024e-01
1.884999999999999787e+00,2.525522050868129753e-01
1.885999999999999677e+00,2.262926121631110010e-01
1.886999999999999789e+00,2.002004551315971492e-01
1.887999999999999678e+00,1.740961263929945435e-01
1.888999999999999790e+00,1.554913266422484897e-01
1.889999999999999680e+00,1.390088217454900910e-01
1.890999999999999792e+00,1.224543746290605722e-01
1.891999999999999682e+00,1.120044477342306138e-01
1.892999999999999794e+00,1.060853539562838788e-01
1.893999999999999684e+00,1.001801214408303137e-01
1.894999999999999796e+00,9.702232251144202180e-02
1.895999999999999686e+00,9.917087619614643745e-02
1.896999999999999797e+00,1.014662908174799455e-01
1.897999999999999687e+00,1.041627297099020216e-01
1.898999999999999799e+00,1.102397963168115780e-01
1.899999999999999689e+00,1.163348518593075309e-01
1.900999999999999801e+00,1.223423478824418320e-01
1.901999999999999691e+00,1.281722531620250183e-01
1.902999999999999803e+00,1.336792150059233908e-01
1.903999999999999693e+00,1.391679442440564574e-01
1.904999999999999805e+00,1.436890726228508275e-01
1.905999999999999694e+00,1.473676459103830383e-01
1.906999999999999806e+00,1.509358483604225920e-01
1.907999999999999696e+00,1.537448324738572569e-01
1.908999999999999808e+00,1.549084800602694156e-01
1.909999999999999698e+00,1.560695180959247863e-01
1.910999999999999810e+00,1.574013817959833139e-01
1.911999999999999700e+00,1.585997235536643346e-01
1.912999999999999812e+00,1.597253849217214194e-01
1.913999999999999702e+00,1.608502929667823822e-01
1.914999999999999813e+00,1.652052637870137508e-01
1.915999999999999703e+00,1.703848605881436440e-01
1.916999999999999815e+00,1.755177368336025834e-01
1.917999999999999705e+00,1.846237521284131711e-01
1.918999999999999817e+00,1.973332426498827508e-01
1.919999999999999707e+00,2.099883914502391757e-01
1.920999999999999819e+00,2.247571353434518193e-01
1.921999999999999709e+00,2.480056544073034608e-01
1.922999999999999821e+00,2.713831689485700083e-01
1.923999999999999710e+00,2.947699087281386299e-01
1.924999999999999822e+00,3.248632092395422055e-01
1.925999999999999712e+00,3.561480655098416270e-01
1.926999999999999824e+00,3.875393737655096760e-01
1.927999999999999714e+00,4.198069812321073013e-01
1.928999999999999826e+00,4.525434843116806771e-01
1.929999999999999716e+00,4.852796264051417729e-01
1.930999999999999828e+00,5.165447667804754506e-01
1.931999999999999718e+00,5.442907080366281569e-01
1.932999999999999829e+00,5.736253646700789632e-01
1.933999999999999719e+00,6.030432560883306481e-01
1.934999999999999831e+00,6.254152983956956513e-01
1.935999999999999721e+00,6.464902548317323916e-01
1.936999999999999833e+00,6.685469104946432095e-01
1.937999999999999723e+00,6.881204642230204227e-01
1.938999999999999835e+00,7.044361302955443049e-01
1.939999999999999725e+00,7.207549215046450408e-01
1.940999999999999837e+00,7.336113048497401312e-01
1.941999999999999726e+00,7.450175676795063318e-01
1.942999999999999838e+00,7.566350380568913625e-01
1.943999999999999728e+00,7.671243778482927933e-01
1.944999999999999840e+00,7.754061059862464855e-01
1.945999999999999730e+00,7.827680216735957153e-01
1.946999999999999620e+00,7.879135326154652619e-01
1.947999999999999732e+00,7.922635056306938095e-01
1.948999999999999622e+00,7.992315194093800867e-01
1.949999999999999734e+00,8.056441910923317629e-01
1.950999999999999623e+00,8.112932403856443209e-01
1.951999999999999735e+00,8.165165929913894560e-01
1.952999999999999625e+00,8.182852142943959350e-01
1.953999999999999737e+00,8.196964972778837399e-01
1.954999999999999627e+00,8.228778596421003622e-01
1.955999999999999739e+00,8.257888890874308663e-01
1.956999999999999629e+00,8.283326936177984878e-01
1.957999999999999741e+00,8.306814970426230627e-01
1.958999999999999631e+00,8.329363691311937323e-01
1.959999999999999742e+00,8.350577725799933626e-01
1.960999999999999632e+00,8.372080169242972492e-01
1.961999999999999744e+00,8.392212863962138503e-01
1.962999999999999634e+00,8.410474176040287908e-01
1.963999999999999746e+00,8.427624235907222872e-01
1.964999999999999636e+00,8.429110477419168301e-01
1.965999999999999748e+00,8.429455332061656092e-01
1.966999999999999638e+00,8.435479472327864769e-01
1.967999999999999750e+00,8.440745421783697466e-01
1.968999999999999639e+00,8.446609815313131930e-01
1.969999999999999751e+00,8.451850929452839889e-01
1.970999999999999641e+00,8.474786930829860676e-01
1.971999999999999753e+00,8.497257680603346186e-01
1.972999999999999643e+00,8.501823409141057164e-01
1.973999999999999755e+00,8.505956780068801848e-01
1.974999999999999645e+00,8.484898707207640944e-01
1.975999999999999757e+00,8.463513960898428889e-01
1.976999999999999647e+00,8.473419351533209021e-01
1.977999999999999758e+00,8.483029782487998549e-01
1.978999999999999648e+00,8.513087354338420010e-01
1.979999999999999760e+00,8.542974594701552293e-01
1.980999999999999650e+00,8.533973491681179357e-01
1.981999999999999762e+00,8.524764515041450830e-01
1.982999999999999652e+00,8.518563099460790822e-01
1.983999999999999764e+00,8.512222398086594088e-01
1.984999999999999654e+00,8.520169544578258813e-01
1.985999999999999766e+00,8.527960046097339264e-01
1.986999999999999655e+00,8.524563172313917025e-01
1.987999999999999767e+00,8.521025523074188257e-01
1.988999999999999657e+00,8.541610307480217434e-01
1.989999999999999769e+00,8.562091812601121399e-01
1.990999999999999659e+00,8.551024930360353604e-01
1.991999999999999771e+00,8.539845434466536434e-01
1.992999999999999661e+00,8.539625449792657141e-01
1.993999999999999773e+00,8.539311063451122674e-01
1.994999999999999662e+00,8.543461266610652416e-01
1.995999999999999774e+00,8.547530684569109027e-01
1.996999999999999664e+00,8.563890668668421302e-01
1.997999999999999776e+00,8.580224324435462568e-01
1.998999999999999666e+00,8.560163657182995323e-01
1.999999999999999778e+00,8.540072898215825825e-01
2.000399999999999512e+00,8.545790057678922524e-01
2.000799999999999912e+00,8.548471742743289914e-01
2.000999999999999890e+00,8.547859703876099502e-01
2.001199999999999868e+00,8.547236055435839530e-01
2.001599999999999824e+00,8.545988835791820115e-01
2.001999999999999780e+00,8.546043384925861019e-01
2.002000000000000224e+00,8.546043384925862130e-01
2.002399999999999736e+00,8.544774144179082542e-01
2.002799999999999692e+00,8.546108207522001843e-01
2.002999999999999670e+00,8.545473530919465155e-01
2.003199999999999648e+00,8.544828559009801650e-01
2.003599999999999604e+00,8.540502436262797925e-01
2.003999999999999559e+00,8.537478653132916095e-01
2.004399999999999515e+00,8.536167803798443421e-01
2.004799999999999915e+00,8.536157545704841088e-01
2.004999999999999893e+00,8.536802694782065215e-01
2.005199999999999871e+00,8.537439719627601953e-01
2.005599999999999827e+00,8.540448469313836055e-01
2.005999999999999783e+00,8.544759540258843877e-01
2.006000000000000227e+00,8.544759540258840547e-01
2.006399999999999739e+00,8.546015121215551069e-01
2.006799999999999695e+00,8.545969002106620360e-01
2.006999999999999673e+00,8.545945930717233630e-01
2.007199999999999651e+00,8.545818559252886804e-01
2.007599999999999607e+00,8.544262211577454691e-01
2.007999999999999563e+00,8.540971137002902891e-01
2.008399999999999519e+00,8.540386074605426092e-01
2.008799999999999919e+00,8.536765957579002251e-01
2.008999999999999897e+00,8.535173105251897541e-01
2.009199999999999875e+00,8.533571661948323728e-01
2.009599999999999831e+00,8.529936295511142408e-01
2.010000000000000231e+00,8.529334188817584428e-01
2.010099999999999554e+00,8.529179579650670862e-01
2.010499999999999954e+00,8.530293928199406128e-01
2.010899999999999910e+00,8.532274890970301673e-01
2.010999999999999677e+00,8.532878504697888333e-01
2.011299999999999866e+00,8.534671922454883930e-01
2.011699999999999822e+00,8.534029545600406719e-01
2.011999999999999567e+00,8.532247837308006844e-01
2.012099999999999778e+00,8.531649497958433415e-01
2.012499999999999734e+00,8.530989254217027362e-01
2.012899999999999689e+00,8.532061933332047987e-01
2.012999999999999901e+00,8.531463599521984520e-01
2.013299999999999645e+00,8.529653026036089214e-01
2.013699999999999601e+00,8.530704414604109997e-01
2.014000000000000234e+00,8.530193388033355806e-01
2.014099999999999557e+00,8.530017538140728384e-01
2.014499999999999513e+00,8.530613597122924663e-01
2.014899999999999913e+00,8.532942529102189866e-01
2.014999999999999680e+00,8.533416500739845478e-01
2.015299999999999869e+00,8.534821165765256179e-01
2.015699999999999825e+00,8.539728472603601572e-01
2.015999999999999570e+00,8.541458960441428161e-01
2.016099999999999781e+00,8.542029729959565998e-01
2.016499999999999737e+00,8.541277592465968960e-01
2.016899999999999693e+00,8.534891026599660258e-01
2.016999999999999904e+00,8.532861778984957013e-01
2.017299999999999649e+00,8.526756139421101111e-01
2.017799999999999816e+00,8.520157216667605393e-01
2.018000000000000238e+00,8.516307701013242637e-01
2.018199999999999772e+00,8.512446213309893261e-01
2.018599999999999728e+00,8.509913418501222626e-01
2.018999999999999684e+00,8.509109977196070984e-01
2.019399999999999640e+00,8.511304014929985673e-01
2.019799999999999596e+00,8.511768982549303697e-01
2.019999999999999574e+00,8.512866099326640290e-01
2.020199999999999552e+00,8.513965659914412010e-01
2.020599999999999952e+00,8.517462485858371402e-01
2.020999999999999908e+00,8.516634582351321203e-01
2.021399999999999864e+00,8.515778458193744571e-01
2.021799999999999820e+00,8.513192930662888402e-01
2.021999999999999797e+00,8.512116546325617650e-01
2.022000000000000242e+00,8.512116546325614319e-01
2.022199999999999775e+00,8.511027393841245070e-01
2.022699999999999942e+00,8.512951128247973065e-01
2.022999999999999687e+00,8.512289783818590694e-01
2.023099999999999898e+00,8.512062244533581401e-01
2.023499999999999854e+00,8.512448783908609373e-01
2.023899999999999810e+00,8.511538529507031159e-01
2.023999999999999577e+00,8.510554654775875916e-01
2.024299999999999766e+00,8.507575270387138788e-01
2.024699999999999722e+00,8.502740428415223040e-01
2.024999999999999911e+00,8.502030028132800954e-01
2.025099999999999678e+00,8.501783725252024526e-01
2.025499999999999634e+00,8.503389239024544688e-01
2.025899999999999590e+00,8.509746690422070881e-01
2.026000000000000245e+00,8.511552660350274468e-01
2.026299999999999546e+00,8.516942231179535083e-01
2.026799999999999713e+00,8.523009883279381027e-01
2.026999999999999691e+00,8.524658938346267867e-01
2.027199999999999669e+00,8.526287153838674193e-01
2.027599999999999625e+00,8.527812877352671794e-01
2.027999999999999581e+00,8.526741982311752954e-01
2.028399999999999537e+00,8.523033524543522921e-01
2.028799999999999937e+00,8.518894027520849122e-01
2.028999999999999915e+00,8.515528124789174536e-01
2.029199999999999893e+00,8.512135060615596549e-01
2.029599999999999849e+00,8.506647837733959383e-01
2.029999999999999805e+00,8.502458544059970924e-01
2.030000000000000249e+00,8.502458544059966483e-01
2.030499999999999527e+00,8.498368584592762565e-01
2.030899999999999928e+00,8.495874236118808875e-01
2.030999999999999694e+00,8.495142900046535051e-01
2.031299999999999883e+00,8.492906904084878139e-01
2.031699999999999839e+00,8.491650905165899488e-01
2.031999999999999584e+00,8.490708937162879666e-01
2.032099999999999795e+00,8.490381846468260107e-01
2.032499999999999751e+00,8.487780434972157506e-01
2.032899999999999707e+00,8.485179630451235022e-01
2.032999999999999918e+00,8.484421811720178619e-01
2.033299999999999663e+00,8.482107271277595784e-01
2.033799999999999830e+00,8.482126644591579945e-01
2.034000000000000252e+00,8.481445172718043990e-01
2.034199999999999786e+00,8.480733840450682681e-01
2.034599999999999742e+00,8.479311219541696421e-01
2.034999999999999698e+00,8.477888656805205869e-01
2.035399999999999654e+00,8.473394880394231610e-01
2.035799999999999610e+00,8.471914317164390695e-01
2.035999999999999588e+00,8.472679869337639280e-01
2.036199999999999566e+00,8.473415671255349890e-01
2.036699999999999733e+00,8.475792924789350424e-01
2.036999999999999922e+00,8.477542036846138496e-01
2.037099999999999689e+00,8.478108535346593477e-01
2.037499999999999645e+00,8.482527334267151442e-01
2.037899999999999601e+00,8.482209978208190559e-01
2.038000000000000256e+00,8.482130598148606149e-01
2.038299999999999557e+00,8.481849658164246630e-01
2.038699999999999513e+00,8.478892085086455754e-01
2.038999999999999702e+00,8.475060879337222852e-01
2.039199999999999680e+00,8.472474406226895294e-01
2.039599999999999635e+00,8.463864807977096172e-01
2.039999999999999591e+00,8.456121379203370703e-01
2.040399999999999547e+00,8.450465803594235936e-01
2.040799999999999947e+00,8.446958215991936525e-01
2.040999999999999925e+00,8.446920707634134606e-01
2.041199999999999903e+00,8.446851401389408043e-01
2.041599999999999859e+00,8.447570467045337761e-01
2.042000000000000259e+00,8.448117511804459356e-01
2.042099999999999582e+00,8.448238611188468861e-01
2.042499999999999538e+00,8.448894328418657951e-01
2.042899999999999938e+00,8.449978622651789228e-01
2.042999999999999705e+00,8.449820595661201583e-01
2.043299999999999894e+00,8.449303410743088660e-01
2.043699999999999850e+00,8.447326775449491842e-01
2.043999999999999595e+00,8.446616254720756833e-01
2.044199999999999573e+00,8.446107837461300782e-01
2.044599999999999529e+00,8.445776804401249338e-01
2.044999999999999929e+00,8.443730470898923590e-01
2.045399999999999885e+00,8.444217018980820777e-01
2.045799999999999841e+00,8.442131293556973670e-01
2.046000000000000263e+00,8.439802997318904820e-01
2.046199999999999797e+00,8.437448296256889746e-01
2.046699999999999520e+00,8.431777814686560735e-01
2.046999999999999709e+00,8.428248541139367056e-01
2.047099999999999920e+00,8.427061811236593591e-01
2.047499999999999876e+00,8.420605629699118300e-01
2.047899999999999832e+00,8.415435536414608286e-01
2.047999999999999599e+00,8.414570725528647266e-01
2.048299999999999788e+00,8.411950860001307095e-01
2.048799999999999955e+00,8.409186965840510508e-01
2.048999999999999932e+00,8.407440960144936248e-01
2.049199999999999466e+00,8.405682656772895944e-01
2.049599999999999866e+00,8.403447044997275350e-01
2.049999999999999378e+00,8.402491643076728245e-01
2.049999999999999822e+00,8.402491643076724914e-01
2.050399999999999778e+00,8.404508654562355963e-01
2.050899999999999945e+00,8.405962204633744550e-01
2.050999999999999712e+00,8.406039391791316762e-01
2.051299999999999901e+00,8.406270287022902243e-01
2.051699999999999413e+00,8.404017132310763749e-01
2.051999999999999602e+00,8.399128288655588470e-01
2.052099999999999813e+00,8.397502769471180128e-01
2.052499999999999769e+00,8.393986504425917650e-01
2.052999999999999936e+00,8.386930150140854412e-01
2.053399999999999892e+00,8.382169708311316692e-01
2.053799999999999848e+00,8.376985858517964623e-01
2.053999999999999382e+00,8.373756862887954400e-01
2.054199999999999360e+00,8.370552146398568816e-01
2.054699999999999527e+00,8.363606903339728671e-01
2.054999999999999716e+00,8.363264933430286652e-01
2.055099999999999927e+00,8.363166906505749010e-01
2.055499999999999883e+00,8.362349708001253212e-01
2.055899999999999839e+00,8.364505676260973743e-01
2.055999999999999606e+00,8.365044621702045768e-01
2.056299999999999795e+00,8.366723122613672903e-01
2.056799999999999518e+00,8.368032916945067345e-01
2.056999999999999940e+00,8.368514128442471334e-01
2.057199999999999473e+00,8.369045643785759658e-01
2.057599999999999874e+00,8.368408514369940487e-01
2.057999999999999829e+00,8.365222073563174376e-01
2.058499999999999552e+00,8.361707412451646615e-01
2.058899999999999952e+00,8.358217234299963883e-01
2.058999999999999719e+00,8.358193717256969801e-01
2.059299999999999908e+00,8.358225423541487675e-01
2.059699999999999420e+00,8.360814244332737122e-01
2.059999999999999609e+00,8.361864336119351204e-01
2.060199999999999587e+00,8.362657704733786890e-01
2.060599999999999543e+00,8.364159419383453420e-01
2.060999999999999943e+00,8.361415146194148829e-01
2.061399999999999899e+00,8.355869033565864745e-01
2.061899999999999622e+00,8.350000690802774628e-01
2.061999999999999833e+00,8.348615460558881374e-01
2.062299999999999578e+00,8.344586731196057539e-01
2.062699999999999534e+00,8.346420347215022240e-01
2.062999999999999723e+00,8.349703251567032192e-01
2.063099999999999934e+00,8.350860700061319974e-01
2.063599999999999657e+00,8.355270944456443249e-01
2.063999999999999613e+00,8.354388345746506239e-01
2.064399999999999569e+00,8.353618123579534815e-01
2.064799999999999525e+00,8.347336721529693415e-01
2.064999999999999947e+00,8.345256787374419893e-01
2.065299999999999692e+00,8.342316657732546936e-01
2.065699999999999203e+00,8.338821283010711127e-01
2.065999999999999837e+00,8.337470697984553647e-01
2.066099999999999604e+00,8.337071323722780036e-01
2.066499999999999559e+00,8.334204087992684862e-01
2.066999999999999726e+00,8.330832739849381996e-01
2.067399999999999682e+00,8.326479870337424316e-01
2.067799999999999638e+00,8.325088656362092943e-01
2.067999999999999616e+00,8.326719129821575915e-01
2.068299999999999805e+00,8.329317644469601545e-01
2.068699999999999317e+00,8.334899571709448729e-01
2.068999999999999950e+00,8.341311394888324404e-01
2.069099999999999717e+00,8.343496181266081280e-01
2.069499999999999673e+00,8.349272350303551526e-01
2.069999999999999840e+00,8.350878238997698766e-01
2.070399999999999796e+00,8.352593155578963424e-01
2.070799999999999752e+00,8.353036089909534612e-01
2.070999999999999730e+00,8.353936050614172437e-01
2.071299999999999919e+00,8.355408043031899989e-01
2.071699999999999431e+00,8.357286122862407352e-01
2.071999999999999620e+00,8.355513143877030258e-01
2.072099999999999831e+00,8.354959135435463535e-01
2.072499999999999787e+00,8.353167319563350457e-01
2.072999999999999954e+00,8.349867734583015233e-01
2.073399999999999910e+00,8.346512484210735217e-01
2.073799999999999866e+00,8.344429155275074894e-01
2.073999999999999844e+00,8.343853637109976962e-01
2.074299999999999589e+00,8.343068170747595103e-01
2.074699999999999545e+00,8.341088688652482652e-01
2.074999999999999734e+00,8.339921807714834046e-01
2.075099999999999945e+00,8.339562818744574724e-01
2.075599999999999667e+00,8.339250186938935716e-01
2.075999999999999623e+00,8.340355342739038669e-01
2.076399999999999579e+00,8.344496659200072441e-01
2.076799999999999535e+00,8.346943680418136280e-01
2.076999999999999957e+00,8.349227378193053717e-01
2.077299999999999702e+00,8.352702285523534442e-01
2.077699999999999214e+00,8.356912877914733917e-01
2.077999999999999847e+00,8.361027071748968753e-01
2.078099999999999614e+00,8.362411060536830698e-01
2.078599999999999781e+00,8.365297964920337392e-01
2.078999999999999737e+00,8.367862748072982804e-01
2.079399999999999693e+00,8.366638083650836943e-01
2.079899999999999860e+00,8.366593657507127579e-01
2.079999999999999627e+00,8.365543906488943637e-01
2.080299999999999816e+00,8.362385143566737344e-01
2.080699999999999328e+00,8.362420443777018875e-01
2.080999999999999517e+00,8.363402306072019732e-01
2.081199999999999495e+00,8.364061009172095718e-01
2.081599999999999895e+00,8.367927685828082662e-01
2.081999999999999851e+00,8.367970331851842802e-01
2.082499999999999574e+00,8.370885795558096198e-01
2.082899999999999530e+00,8.369647410659638576e-01
2.082999999999999741e+00,8.369231506810328458e-01
2.083299999999999930e+00,8.367977169345115485e-01
2.083799999999999653e+00,8.368330023889842817e-01
2.083999999999999631e+00,8.369618708519355188e-01
2.084199999999999164e+00,8.370895626744278006e-01
2.084599999999999564e+00,8.373875063318627632e-01
2.084999999999999520e+00,8.377195522866280886e-01
2.085099999999999731e+00,8.378018338627549744e-01
2.085499999999999687e+00,8.382246559292728660e-01
2.085899999999999643e+00,8.384773184761071807e-01
2.085999999999999854e+00,8.384830094724062821e-01
2.086399999999999810e+00,8.385022801021605465e-01
2.086799999999999766e+00,8.388792663440786113e-01
2.086999999999999744e+00,8.390891088501644113e-01
2.087199999999999278e+00,8.392970210810567488e-01
2.087699999999999445e+00,8.396997291042257450e-01
2.087999999999999634e+00,8.397879156757825925e-01
2.088099999999999845e+00,8.398132823935896552e-01
2.088599999999999568e+00,8.396842719323985849e-01
2.088999999999999524e+00,8.396577800905198341e-01
2.089399999999999924e+00,8.392698473867121756e-01
2.089899999999999647e+00,8.389980988334370116e-01
2.089999999999999858e+00,8.389437511362478617e-01
2.090299999999999603e+00,8.387777625082383226e-01
2.090699999999999559e+00,8.387267872731642981e-01
2.090999999999999748e+00,8.385607802694002855e-01
2.091199999999999282e+00,8.384493993594425154e-01
2.091599999999999682e+00,8.382266463796859135e-01
2.091999999999999638e+00,8.378677542519259447e-01
2.092099999999999849e+00,8.377779793890167692e-01
2.092499999999999805e+00,8.375550271903507982e-01
2.092899999999999761e+00,8.370770125961964903e-01
2.092999999999999527e+00,8.369872933877389176e-01
2.093399999999999928e+00,8.366295007593872457e-01
2.093799999999999883e+00,8.362803035358536974e-01
2.093999999999999861e+00,8.362331328382012208e-01
2.094199999999999395e+00,8.361871720638525129e-01
2.094699999999999562e+00,8.357856861351284916e-01
2.094999999999999751e+00,8.356212333005490489e-01
2.095099999999999518e+00,8.355674103460211111e-01
2.095599999999999685e+00,8.352983061668676212e-01
2.095999999999999641e+00,8.350830355365823632e-01
2.096399999999999597e+00,8.352974452230241820e-01
2.096899999999999764e+00,8.353321108710211051e-01
2.096999999999999531e+00,8.354175026946837335e-01
2.097299999999999720e+00,8.356787837827949206e-01
2.097799999999999887e+00,8.356793605351885423e-01
2.097999999999999865e+00,8.355777603599887637e-01
2.098199999999999399e+00,8.354811965505799520e-01
2.098599999999999799e+00,8.352880762818025717e-01
2.098999999999999755e+00,8.350949658137480913e-01
2.099099999999999522e+00,8.350492569230504314e-01
2.099499999999999922e+00,8.347392874496153414e-01
2.099999999999999645e+00,8.345107977133394694e-01
2.100399999999999601e+00,8.344675693909828773e-01
2.100799999999999557e+00,8.344666725038734079e-01
2.100999999999999535e+00,8.343814958749984356e-01
2.101299999999999724e+00,8.342647562613221268e-01
2.101699999999999235e+00,8.338127559393787580e-01
2.101999999999999869e+00,8.336198863325235964e-01
2.102199999999999402e+00,8.334994070977448377e-01
2.102599999999999802e+00,8.329370221084128056e-01
2.102999999999999758e+00,8.326708684764095869e-01
2.103000000000000203e+00,8.326708684764091428e-01
2.103499999999999925e+00,8.323489633269852694e-01
2.103899999999999881e+00,8.320999598991736246e-01
2.103999999999999648e+00,8.320440556232782114e-01
2.104399999999999604e+00,8.318385140681842094e-01
2.104799999999999560e+00,8.314387635783746511e-01
2.104999999999999538e+00,8.313360485884638829e-01
2.105299999999999727e+00,8.311961152263782626e-01
2.105699999999999239e+00,8.312374951414033264e-01
2.105999999999999872e+00,8.313951753025162761e-01
2.106099999999999639e+00,8.314525761629844025e-01
2.106599999999999806e+00,8.319191195905473180e-01
2.106999999999999762e+00,8.325291363643596565e-01
2.107000000000000206e+00,8.325291363643596565e-01
2.107499999999999929e+00,8.323443153799795491e-01
2.107899999999999885e+00,8.321711330373289250e-01
2.107999999999999652e+00,8.321003823051270620e-01
2.108399999999999608e+00,8.318369411327507512e-01
2.108799999999999564e+00,8.313878018273113124e-01
2.108999999999999542e+00,8.313237030818211304e-01
2.109299999999999731e+00,8.312419116054265977e-01
2.109699999999999243e+00,8.312341612920448597e-01
2.109999999999999876e+00,8.314499670923759522e-01
2.110099999999999643e+00,8.315265362210171318e-01
2.110599999999999810e+00,8.317933194856154122e-01
2.110999999999999766e+00,8.319307612373864069e-01
2.111000000000000210e+00,8.319307612373857408e-01
2.111499999999999932e+00,8.321351625130867236e-01
2.111899999999999888e+00,8.319945284793797136e-01
2.111999999999999655e+00,8.319509237575785088e-01
2.112399999999999611e+00,8.317930067635982416e-01
2.112799999999999567e+00,8.317111130428169741e-01
2.112999999999999545e+00,8.317335098600563414e-01
2.113299999999999734e+00,8.317788579808167437e-01
2.113699999999999246e+00,8.318393158755763572e-01
2.113999999999999879e+00,8.319606879825516277e-01
2.114199999999999413e+00,8.320505946128285979e-01
2.114599999999999813e+00,8.323825505704555150e-01
2.115000000000000213e+00,8.324609891186059984e-01
2.115099999999999536e+00,8.324821856532248487e-01
2.115499999999999936e+00,8.323133771843621576e-01
2.115999999999999659e+00,8.321234949081978138e-01
2.116399999999999615e+00,8.319677630383276457e-01
2.116899999999999782e+00,8.320899441179380185e-01
2.116999999999999549e+00,8.321460704042540346e-01
2.117299999999999738e+00,8.323211872569032943e-01
2.117699999999999250e+00,8.328506762919855033e-01
2.117999999999999883e+00,8.331845162705052710e-01
2.118199999999999417e+00,8.334109439978606426e-01
2.118599999999999817e+00,8.337792856814955078e-01
2.119000000000000217e+00,8.341308110612118965e-01
2.119099999999999540e+00,8.342201497321755088e-01
2.119499999999999940e+00,8.339169303111513276e-01
2.119999999999999662e+00,8.337707558949281061e-01
2.120399999999999618e+00,8.335140140064610792e-01
2.120899999999999785e+00,8.332459964312625145e-01
2.120999999999999552e+00,8.331712373392647919e-01
2.121299999999999741e+00,8.329490482487305059e-01
2.121799999999999908e+00,8.326844990474331354e-01
2.121999999999999886e+00,8.327478474202677505e-01
2.122199999999999420e+00,8.328119531822557597e-01
2.122699999999999587e+00,8.330991346555983723e-01
2.123000000000000220e+00,8.331952916532268105e-01
2.123099999999999543e+00,8.332274416679051887e-01
2.123599999999999710e+00,8.335575033024640312e-01
2.123999999999999666e+00,8.336861077017549970e-01
2.124499999999999833e+00,8.338460927736399686e-01
2.124899999999999789e+00,8.342282300328116573e-01
2.124999999999999556e+00,8.343195474410098900e-01
2.125399999999999956e+00,8.346834090327169831e-01
2.125899999999999679e+00,8.350959921486883486e-01
2.125999999999999890e+00,8.352336570638346780e-01
2.126299999999999635e+00,8.356450823925455351e-01
2.126799999999999802e+00,8.359278865043282547e-01
2.127000000000000224e+00,8.359900869818908120e-01
2.127199999999999314e+00,8.360508453072054147e-01
2.127699999999999481e+00,8.360753728617834613e-01
2.127999999999999670e+00,8.361664807514789244e-01
2.128099999999999881e+00,8.361959957971671908e-01
2.128599999999999604e+00,8.362161793923780229e-01
2.128999999999999559e+00,8.363342010526061410e-01
2.129499999999999726e+00,8.366043278240736791e-01
2.129899999999999682e+00,8.365910592550951375e-01
2.129999999999999893e+00,8.366195957093653934e-01
2.130399999999999849e+00,8.367295456230501305e-01
2.130799999999999805e+00,8.368394851009335333e-01
2.131000000000000227e+00,8.369454429352777280e-01
2.131299999999999528e+00,8.371010514887139431e-01
2.131699999999999484e+00,8.372065304476553615e-01
2.131999999999999673e+00,8.373621553731400713e-01
2.132199999999999207e+00,8.374635891742692184e-01
2.132699999999999374e+00,8.377597317161966650e-01
2.132999999999999563e+00,8.378353568938964324e-01
2.133099999999999774e+00,8.378593872823401068e-01
2.133599999999999941e+00,8.379795302750484565e-01
2.133999999999999897e+00,8.382032855790905179e-01
2.134499999999999620e+00,8.381882406990817103e-01
2.134899999999999576e+00,8.379804504255273789e-01
2.135000000000000231e+00,8.379774317080432855e-01
2.135399999999999743e+00,8.379622288042759548e-01
2.135799999999999699e+00,8.379214779666669388e-01
2.135999999999999677e+00,8.379649150841096406e-01
2.136299999999999866e+00,8.380256662261138523e-01
2.136799999999999589e+00,8.381269074198074431e-01
2.136999999999999567e+00,8.381674001486854042e-01
2.137199999999999545e+00,8.382055094830084263e-01
2.137699999999999267e+00,8.381305276253802061e-01
2.137999999999999901e+00,8.381876684488660523e-01
2.138099999999999667e+00,8.382055943293961198e-01
2.138599999999999834e+00,8.385932238305090491e-01
2.138999999999999790e+00,8.387926923378671296e-01
2.139000000000000234e+00,8.387926923378672406e-01
2.139499999999999957e+00,8.388757289318063970e-01
2.139999999999999680e+00,8.389587536522119526e-01
2.140399999999999636e+00,8.390141025279688192e-01
2.140899999999999803e+00,8.388276954027784615e-01
2.140999999999999570e+00,8.387989329731047050e-01
2.141299999999999759e+00,8.387092797789285070e-01
2.141799999999999926e+00,8.386450243823477813e-01
2.141999999999999904e+00,8.386065424061918128e-01
2.142199999999999438e+00,8.385658742460935233e-01
2.142699999999999161e+00,8.386238815977486993e-01
2.143000000000000238e+00,8.386586804122132532e-01
2.143199999999999328e+00,8.386797539361144915e-01
2.143599999999999728e+00,8.388496755739334176e-01
2.143999999999999684e+00,8.388918165845009600e-01
2.144099999999999895e+00,8.389013200881473287e-01
2.144499999999999851e+00,8.392375754665701848e-01
2.144999999999999574e+00,8.394129477763755398e-01
2.145499999999999741e+00,8.394554660139165181e-01
2.145899999999999697e+00,8.394894733312607826e-01
2.145999999999999908e+00,8.394723997644983893e-01
2.146399999999999864e+00,8.394002304722064656e-01
2.146799999999999820e+00,8.391320322305747537e-01
2.147000000000000242e+00,8.390277784742458111e-01
2.147299999999999542e+00,8.388686034466557029e-01
2.147799999999999709e+00,8.386459438659974452e-01
2.147999999999999687e+00,8.387229944890600697e-01
2.148199999999999221e+00,8.387757258075048128e-01
2.148699999999999388e+00,8.390460258041355646e-01
2.148999999999999577e+00,8.393616557190827221e-01
2.149199999999999555e+00,8.395387634348850936e-01
2.149599999999999955e+00,8.400039214033341306e-01
2.149999999999999911e+00,8.400171322644641725e-01
2.150099999999999678e+00,8.400197182458775114e-01
2.150499999999999634e+00,8.399277172286447879e-01
2.150999999999999801e+00,8.396848283916148459e-01
2.151000000000000245e+00,8.396848283916144018e-01
2.151499999999999524e+00,8.388844864228972575e-01
2.151899999999999924e+00,8.384915966100875417e-01
2.151999999999999691e+00,8.383572117087516595e-01
2.152399999999999647e+00,8.378167368791107350e-01
2.152899999999999814e+00,8.376944687046937732e-01
2.152999999999999581e+00,8.377019225669434244e-01
2.153299999999999770e+00,8.377220155029785342e-01
2.153799999999999937e+00,8.375959661193690398e-01
2.153999999999999915e+00,8.377582399454828188e-01
2.154199999999999449e+00,8.379190179967176411e-01
2.154699999999999172e+00,8.379167651904882996e-01
2.155000000000000249e+00,8.381707149829639159e-01
2.155199999999999338e+00,8.383385094420228167e-01
2.155599999999999739e+00,8.385294105911375029e-01
2.155999999999999694e+00,8.385244923632210190e-01
2.156099999999999905e+00,8.385224891584055484e-01
2.156599999999999628e+00,8.385550293311232473e-01
2.156999999999999584e+00,8.382746028569079133e-01
2.157499999999999751e+00,8.375800384390735820e-01
2.157999999999999918e+00,8.370134576377848967e-01
2.158399999999999874e+00,8.364723614102844707e-01
2.158899999999999597e+00,8.363271584238918255e-01
2.159000000000000252e+00,8.362726375995581662e-01
2.159399999999999764e+00,8.360514811882661101e-01
2.159799999999999720e+00,8.358049013274523320e-01
2.159999999999999698e+00,8.357452969567996659e-01
2.160299999999999887e+00,8.356498951626841754e-01
2.160799999999999610e+00,8.359152975726286128e-01
2.160999999999999588e+00,8.359790139786030805e-01
2.161199999999999566e+00,8.360412015402514108e-01
2.161699999999999289e+00,8.363028073035948529e-01
2.161999999999999922e+00,8.362050130483137389e-01
2.162199999999999456e+00,8.361383160273293536e-01
2.162599999999999856e+00,8.360049282232812073e-01
2.163000000000000256e+00,8.357696999190958875e-01
2.163099999999999579e+00,8.357101660773326168e-01
2.163599999999999746e+00,8.354125453665092182e-01
2.163999999999999702e+00,8.352762894750617173e-01
2.164499999999999869e+00,8.352296355388275639e-01
2.164999999999999591e+00,8.354798289718856630e-01
2.165399999999999547e+00,8.357620994025742878e-01
2.165899999999999714e+00,8.358391745600656231e-01
2.165999999999999925e+00,8.357782185428884736e-01
2.166399999999999881e+00,8.355318257179148445e-01
2.166799999999999837e+00,8.350904576094868581e-01
2.167000000000000259e+00,8.348486553736691462e-01
2.167299999999999560e+00,8.344842379469008531e-01
2.167799999999999727e+00,8.339195160069301505e-01
2.167999999999999705e+00,8.337275840467437416e-01
2.168299999999999894e+00,8.334380792970242924e-01
2.168699999999999406e+00,8.331621988269439782e-01
2.168999999999999595e+00,8.332028125128995155e-01
2.169199999999999573e+00,8.332288247123160740e-01
2.169699999999999296e+00,8.334630823178523773e-01
2.169999999999999929e+00,8.338893430760931924e-01
2.170099999999999696e+00,8.340310349470869689e-01
2.170599999999999863e+00,8.339668444963795890e-01
2.171000000000000263e+00,8.339154727759555685e-01
2.171099999999999586e+00,8.339022807911378177e-01
2.171599999999999753e+00,8.334554530297253461e-01
2.171999999999999709e+00,8.328782310259680299e-01
2.172499999999999876e+00,8.322615255767192854e-01
2.172999999999999599e+00,8.320675914048817345e-01
2.173399999999999554e+00,8.321652792604774529e-01
2.173899999999999721e+00,8.319705109401694942e-01
2.173999999999999932e+00,8.318808751720815353e-01
2.174399999999999888e+00,8.315221975787090436e-01
2.174899999999999611e+00,8.310318292570613163e-01
2.175000000000000266e+00,8.309295649405209483e-01
2.175299999999999567e+00,8.306230270026676576e-01
2.175799999999999734e+00,8.302598981094820862e-01
2.175999999999999712e+00,8.303001840278385615e-01
2.176299999999999901e+00,8.303611748837280704e-01
2.176799999999999624e+00,8.302941419211815610e-01
2.176999999999999602e+00,8.302167323428100154e-01
2.177199999999999580e+00,8.301399800387316841e-01
2.177699999999999303e+00,8.298216903501239861e-01
2.177999999999999936e+00,8.297065938219632120e-01
2.178199999999999470e+00,8.296308097132822912e-01
2.178599999999999870e+00,8.294792490393366746e-01
2.178999999999999382e+00,8.293276984234417837e-01
2.179099999999999593e+00,8.292904362012198938e-01
2.179599999999999760e+00,8.295252301900014613e-01
2.179999999999999716e+00,8.297130633427950430e-01
2.180099999999999927e+00,8.297591331026057393e-01
2.180499999999999883e+00,8.300276772765055044e-01
2.180999999999999606e+00,8.298366956080791557e-01
2.181499999999999773e+00,8.294820136276759293e-01
2.181999999999999940e+00,8.288749265273811506e-01
2.182499999999999662e+00,8.283158288457637131e-01
2.182899999999999618e+00,8.280033130832292754e-01
2.182999999999999385e+00,8.279420155601544540e-01
2.183399999999999785e+00,8.277019692207500112e-01
2.183899999999999952e+00,8.274019875518847655e-01
2.183999999999999719e+00,8.273335987994582252e-01
2.184399999999999675e+00,8.270671546270341734e-01
2.184799999999999631e+00,8.269351519441920928e-01
2.184999999999999609e+00,8.268187667258534157e-01
2.185299999999999798e+00,8.266490405481199399e-01
2.185799999999999521e+00,8.267859857862108752e-01
2.185999999999999943e+00,8.267735841415848608e-01
2.186299999999999688e+00,8.267606281983034267e-01
2.186699999999999200e+00,8.269364706373767415e-01
2.186999999999999389e+00,8.266716050576856656e-01
2.187199999999999367e+00,8.264989200259587054e-01
2.187699999999999534e+00,8.263610327715672499e-01
2.187999999999999723e+00,8.262027849379135480e-01
2.188199999999999257e+00,8.261014158736634805e-01
2.188699999999999424e+00,8.259738603965723902e-01
2.188999999999999613e+00,8.262119257836055830e-01
2.189099999999999824e+00,8.262934669054687875e-01
2.189599999999999547e+00,8.265543613291507219e-01
2.189999999999999947e+00,8.266959519675265433e-01
2.190099999999999714e+00,8.267336304268019243e-01
2.190599999999999881e+00,8.267541358319003830e-01
2.190999999999999392e+00,8.266698088429480507e-01
2.191099999999999604e+00,8.266510906828838934e-01
2.191499999999999559e+00,8.263244812524260796e-01
2.191999999999999726e+00,8.260631534164271095e-01
2.192499999999999893e+00,8.259817424223299120e-01
2.192999999999999616e+00,8.257745480814179251e-01
2.193499999999999783e+00,8.257054790587049498e-01
2.193899999999999739e+00,8.257759932625627908e-01
2.193999999999999950e+00,8.257370234952149390e-01
2.194399999999999906e+00,8.255910922737853541e-01
2.194899999999999629e+00,8.251153856338381276e-01
2.194999999999999396e+00,8.250789238681817128e-01
2.195399999999999796e+00,8.249429999795078183e-01
2.195899999999999963e+00,8.248987746394561560e-01
2.195999999999999730e+00,8.248899294099723001e-01
2.196399999999999686e+00,8.248643522041465559e-01
2.196799999999999642e+00,8.253834146844455377e-01
2.196999999999999620e+00,8.255382532648094518e-01
2.197299999999999809e+00,8.257777683329216023e-01
2.197799999999999532e+00,8.261770764219571461e-01
2.197999999999999954e+00,8.262194017344384189e-01
2.198299999999999699e+00,8.262899047718027523e-01
2.198799999999999866e+00,8.264493634893800289e-01
2.198999999999999400e+00,8.263285807483784495e-01
2.199299999999999589e+00,8.261541780961588755e-01
2.199699999999999545e+00,8.261565047189445288e-01
2.199999999999999734e+00,8.262337365407258494e-01
2.200199999999999267e+00,8.262861834082573242e-01
2.200699999999999434e+00,8.261656486234409957e-01
2.200999999999999623e+00,8.259926910826376201e-01
2.201199999999999157e+00,8.258814399006644269e-01
2.201699999999999324e+00,8.256452711114251608e-01
2.201999999999999957e+00,8.256544809773972426e-01
2.202199999999999491e+00,8.256644202244519670e-01
2.202599999999999891e+00,8.256842927910321706e-01
2.202999999999999403e+00,8.259053924679178316e-01
2.203099999999999614e+00,8.259624993602091569e-01
2.203599999999999781e+00,8.262900179953546198e-01
2.203999999999999737e+00,8.265521004656176673e-01
2.204099999999999948e+00,8.266191934354206738e-01
2.204599999999999671e+00,8.267868434131910860e-01
2.204999999999999627e+00,8.268202477448932664e-01
2.205099999999999838e+00,8.268300001605116689e-01
2.205599999999999561e+00,8.264591407558298242e-01
2.205999999999999961e+00,8.260786501146099026e-01
2.206499999999999684e+00,8.258399766832100752e-01
2.206999999999999407e+00,8.253498453791759948e-01
2.206999999999999851e+00,8.253498453791756617e-01
2.207499999999999574e+00,8.249909608629908409e-01
2.207999999999999741e+00,8.247997060797478408e-01
2.208499999999999908e+00,8.245711433429454562e-01
2.208999999999999631e+00,8.246357364002074863e-01
2.209499999999999797e+00,8.248717908806371124e-01
2.209899999999999753e+00,8.251779903378302361e-01
2.209999999999999520e+00,8.252755078952921375e-01
2.210399999999999920e+00,8.256680882455410542e-01
2.210899999999999643e+00,8.258654259771446293e-01
2.210999999999999410e+00,8.259132830823687765e-01
2.211399999999999810e+00,8.261065690012246998e-01
2.211899999999999533e+00,8.263062545008917903e-01
2.211999999999999744e+00,8.263461937569379634e-01
2.212399999999999700e+00,8.265072523889446243e-01
2.212899999999999867e+00,8.267085920665041554e-01
2.212999999999999634e+00,8.267572570932968379e-01
2.213399999999999590e+00,8.269527124656821382e-01
2.213899999999999757e+00,8.270291037158190584e-01
2.213999999999999524e+00,8.271073633262330249e-01
2.214299999999999713e+00,8.273424133039030126e-01
2.214799999999999880e+00,8.274191896630673781e-01
2.214999999999999858e+00,8.275171062077707473e-01
2.215299999999999603e+00,8.276637957692125624e-01
2.215799999999999770e+00,8.277402192565805894e-01
2.215999999999999748e+00,8.276531321823219489e-01
2.216299999999999937e+00,8.274534772131090232e-01
2.216799999999999660e+00,8.271208056938510467e-01
2.216999999999999638e+00,8.270549503367262689e-01
2.217299999999999827e+00,8.268556760918772675e-01
2.217799999999999550e+00,8.267754584480229152e-01
2.217999999999999527e+00,8.267601542320573982e-01
2.218299999999999716e+00,8.267371576143107692e-01
2.218799999999999883e+00,8.266568353884502507e-01
2.218999999999999861e+00,8.266246996699321281e-01
2.219299999999999606e+00,8.265768090279921321e-01
2.219799999999999773e+00,8.265389289894603531e-01
2.219999999999999751e+00,8.263727351437353263e-01
2.220199999999999285e+00,8.262037367193147963e-01
2.220699999999999452e+00,8.259910029896110339e-01
2.220999999999999641e+00,8.259640015159182003e-01
2.221199999999999175e+00,8.259467447560390196e-01
2.221699999999999342e+00,8.257358980191477071e-01
2.221999999999999531e+00,8.256094027129768920e-01
2.222199999999999509e+00,8.255261071386850169e-01
2.222699999999999232e+00,8.251503160318610641e-01
2.222999999999999865e+00,8.249500351087881711e-01
2.223199999999999399e+00,8.248178555070233564e-01
2.223699999999999566e+00,8.243200599098586823e-01
2.223999999999999755e+00,8.242976719845948042e-01
2.224199999999999289e+00,8.242843616461106304e-01
2.224699999999999456e+00,8.243347573426970110e-01
2.224999999999999645e+00,8.243900863326596440e-01
2.225199999999999179e+00,8.244288960439726255e-01
2.225699999999999346e+00,8.245258979198484273e-01
2.225999999999999535e+00,8.244083172169318630e-01
2.226199999999999513e+00,8.243321785473827212e-01
2.226699999999999235e+00,8.241418479713104039e-01
2.226999999999999869e+00,8.237767336288018827e-01
2.227199999999999402e+00,8.235359559925556905e-01
2.227699999999999569e+00,8.231849827176725976e-01
2.227999999999999758e+00,8.228240619497436681e-01
2.228199999999999292e+00,8.225863844531863256e-01
2.228699999999999459e+00,8.220341875158251321e-01
2.228999999999999648e+00,8.219283597707438549e-01
2.229199999999999182e+00,8.218609706531081471e-01
2.229699999999999349e+00,8.214005008244887884e-01
2.229999999999999538e+00,8.212994703705263078e-01
2.230199999999999516e+00,8.212355640390538447e-01
2.230599999999999916e+00,8.209826825380718285e-01
2.230999999999999872e+00,8.206215085926961139e-01
2.231099999999999639e+00,8.205330915494757349e-01
2.231599999999999806e+00,8.205077200896291334e-01
2.231999999999999762e+00,8.205207453841633081e-01
2.232099999999999529e+00,8.205259786798897448e-01
2.232599999999999696e+00,8.206354718815072058e-01
2.232999999999999652e+00,8.207563972896101401e-01
2.233099999999999863e+00,8.207883547077207131e-01
2.233599999999999586e+00,8.207814379825114637e-01
2.233999999999999542e+00,8.209092539598445981e-01
2.234099999999999753e+00,8.209433938793929686e-01
2.234599999999999920e+00,8.209473763716715888e-01
2.234999999999999876e+00,8.207505283339924240e-01
2.235099999999999643e+00,8.207035859397037170e-01
2.235599999999999810e+00,8.205938823608484034e-01
2.235999999999999766e+00,8.202728791724848145e-01
2.236099999999999532e+00,8.201950196716701891e-01
2.236599999999999699e+00,8.196809464207867046e-01
2.236999999999999655e+00,8.195028937582359285e-01
2.237099999999999866e+00,8.194612424084921631e-01
2.237599999999999589e+00,8.192530127507785531e-01
2.237999999999999545e+00,8.191862935105742594e-01
2.238099999999999756e+00,8.191712864855186238e-01
2.238599999999999923e+00,8.190962531796264212e-01
2.238999999999999879e+00,8.190362287181518486e-01
2.239099999999999646e+00,8.190238276238590576e-01
2.239599999999999813e+00,8.189618225774549787e-01
2.239999999999999769e+00,8.190120273611416479e-01
2.240099999999999536e+00,8.190253457341207799e-01
2.240599999999999703e+00,8.190919357215418195e-01
2.240999999999999659e+00,8.192783118736959302e-01
2.241099999999999870e+00,8.193272045198258802e-01
2.241599999999999593e+00,8.194052700623095653e-01
2.241999999999999549e+00,8.192846745799592378e-01
2.242199999999999527e+00,8.192288365600045585e-01
2.242699999999999250e+00,8.190684572089376170e-01
2.242999999999999883e+00,8.190470942286379730e-01
2.243199999999999417e+00,8.190371362556194690e-01
2.243699999999999584e+00,8.192617804188476738e-01
2.243999999999999773e+00,8.192468324035581118e-01
2.244199999999999307e+00,8.192409506005432496e-01
2.244699999999999473e+00,8.197671038208329541e-01
2.244999999999999662e+00,8.198581489634763075e-01
2.245199999999999196e+00,8.199227068192752599e-01
2.245699999999999363e+00,8.201673717688342524e-01
2.245999999999999552e+00,8.201643074393220045e-01
2.246199999999999530e+00,8.201658684430541690e-01
2.246699999999999253e+00,8.199199994766495081e-01
2.246999999999999886e+00,8.198224403958518369e-01
2.247199999999999420e+00,8.197607346321886812e-01
2.247699999999999587e+00,8.199394052054262971e-01
2.247999999999999776e+00,8.198468238050747869e-01
2.248199999999999310e+00,8.197881473833390498e-01
2.248699999999999477e+00,8.200992841880169193e-01
2.248999999999999666e+00,8.201111423156884905e-01
2.249199999999999200e+00,8.201217901059871807e-01
2.249699999999999367e+00,8.201483973357939217e-01
2.249999999999999556e+00,8.200894163801050185e-01
2.250199999999999534e+00,8.200525344001968753e-01
2.250699999999999257e+00,8.199186955797321819e-01
2.250999999999999890e+00,8.198633625675378900e-01
2.251199999999999424e+00,8.198286051464205304e-01
2.251699999999999591e+00,8.197417003227124299e-01
2.251999999999999780e+00,8.198268893375018074e-01
2.252299999999999525e+00,8.199148237453811605e-01
2.252799999999999692e+00,8.202487385983808776e-01
2.252999999999999670e+00,8.203656728315505964e-01
2.253299999999999859e+00,8.205434462758025571e-01
2.253799999999999581e+00,8.208814539712392389e-01
2.253999999999999559e+00,8.209000113688638134e-01
2.254299999999999748e+00,8.209297351172493151e-01
2.254799999999999915e+00,8.209792570336101880e-01
2.254999999999999893e+00,8.208823866901692190e-01
2.255299999999999638e+00,8.207385177707371415e-01
2.255799999999999805e+00,8.205404076886320119e-01
2.255999999999999783e+00,8.204445055012753452e-01
2.256299999999999528e+00,8.203016263215240356e-01
2.256799999999999695e+00,8.200635120279839985e-01
2.256999999999999673e+00,8.200348851390136806e-01
2.257299999999999862e+00,8.199925405208748908e-01
2.257799999999999585e+00,8.201717603943848856e-01
2.257999999999999563e+00,8.203322948004666548e-01
2.258399999999999963e+00,8.206552121261679877e-01
2.258899999999999686e+00,8.210034178077493250e-01
2.258999999999999897e+00,8.210730709637115154e-01
2.259399999999999853e+00,8.213516971964043289e-01
2.259899999999999576e+00,8.214081755043004529e-01
2.259999999999999343e+00,8.213861138518455673e-01
2.260000000000000231e+00,8.213861138518456784e-01
2.260399999999999743e+00,8.212974489517920196e-01
2.260899999999999910e+00,8.211032337214806409e-01
2.260999999999999677e+00,8.211144090984583421e-01
2.261399999999999633e+00,8.211583425188255791e-01
2.261899999999999800e+00,8.210465018947150639e-01
2.261999999999999567e+00,8.210574762325248965e-01
2.262399999999999967e+00,8.211002928771035103e-01
2.262999999999999901e+00,8.207477070294671995e-01
2.263499999999999623e+00,8.206744569542996359e-01
2.263999999999999790e+00,8.204761968488997192e-01
2.264000000000000234e+00,8.204761968488998303e-01
2.264499999999999957e+00,8.205258968938492492e-01
2.264999999999999680e+00,8.205755753247963025e-01
2.265499999999999847e+00,8.207479827808767947e-01
2.265999999999999570e+00,8.206703493736160482e-01
2.266499999999999737e+00,8.207152156012659239e-01
2.266999999999999904e+00,8.209684541625579257e-01
2.267099999999999671e+00,8.210185701598251562e-01
2.267599999999999838e+00,8.213525708036126805e-01
2.268000000000000238e+00,8.215864705440616422e-01
2.268099999999999561e+00,8.216443926169718637e-01
2.268599999999999728e+00,8.218505987933200085e-01
2.268999999999999684e+00,8.218820628400355099e-01
2.269099999999999895e+00,8.218891890890145380e-01
2.269599999999999618e+00,8.219248089897525089e-01
2.269999999999999574e+00,8.221535918359953454e-01
2.270099999999999785e+00,8.222103995378510222e-01
2.270699999999999275e+00,8.225429486866184803e-01
2.270999999999999908e+00,8.225631174678176283e-01
2.271199999999999442e+00,8.225750217283508414e-01
2.271699999999999164e+00,8.223125420627774851e-01
2.272000000000000242e+00,8.222552436019161526e-01
2.272199999999999331e+00,8.222157390492409457e-01
2.272699999999999498e+00,8.218248775922715188e-01
2.272999999999999687e+00,8.219158284149545857e-01
2.273199999999999221e+00,8.219751534987911334e-01
2.273799999999999599e+00,8.218777167730169086e-01
2.273999999999999577e+00,8.218368895137960761e-01
2.274299999999999766e+00,8.217736694223870542e-01
2.274799999999999933e+00,8.216265819128696357e-01
2.274999999999999911e+00,8.215844328530259588e-01
2.275299999999999656e+00,8.215192277016721834e-01
2.275799999999999823e+00,8.214105484949780767e-01
2.276000000000000245e+00,8.214671709399274935e-01
2.276299999999999546e+00,8.215501306053026864e-01
2.276899999999999924e+00,8.219830903369665931e-01
2.276999999999999691e+00,8.220441376413729628e-01
2.277399999999999647e+00,8.222857358776110015e-01
2.277899999999999814e+00,8.224207979539431834e-01
2.277999999999999581e+00,8.224227619222276298e-01
2.278399999999999537e+00,8.224280113869052444e-01
2.278899999999999704e+00,8.225598140188495888e-01
2.278999999999999915e+00,8.225889586632050277e-01
2.279499999999999638e+00,8.227314695258918231e-01
2.279999999999999361e+00,8.225677471391422690e-01
2.279999999999999805e+00,8.225677471391422690e-01
2.280000000000000249e+00,8.225677471391417139e-01
2.280499999999999527e+00,8.224384611510575649e-01
2.280999999999999694e+00,8.220170180832583329e-01
2.281499999999999861e+00,8.215926123749479615e-01
2.281999999999999584e+00,8.215854245608537054e-01
2.282099999999999795e+00,8.215833710372477672e-01
2.282599999999999962e+00,8.216982438594547800e-01
2.282999999999999918e+00,8.219236615954107483e-01
2.283099999999999685e+00,8.219790824830968123e-01
2.283599999999999852e+00,8.219640816434957697e-01
2.284000000000000252e+00,8.218519310438457959e-01
2.284099999999999575e+00,8.218233020032793545e-01
2.284699999999999509e+00,8.216348510156180618e-01
2.284999999999999698e+00,8.215489760559159249e-01
2.285199999999999232e+00,8.214905677490271785e-01
2.285699999999999399e+00,8.213445558484915310e-01
2.285999999999999588e+00,8.213320158995054410e-01
2.286199999999999566e+00,8.213225179010463783e-01
2.286799999999999944e+00,8.211689228793611628e-01
2.286999999999999922e+00,8.210927117176244350e-01
2.287299999999999667e+00,8.209766688752786479e-01
2.287799999999999834e+00,8.211167739591009873e-01
2.288000000000000256e+00,8.212061746445239452e-01
2.288299999999999557e+00,8.213386181419043419e-01
2.288899999999999935e+00,8.217203430243814610e-01
2.288999999999999702e+00,8.217394766452991162e-01
2.289399999999999658e+00,8.218138899496740812e-01
2.289899999999999824e+00,8.220738122303480333e-01
2.289999999999999591e+00,8.220423422956133486e-01
2.290399999999999547e+00,8.219143966080062480e-01
2.290999999999999925e+00,8.217058159376277038e-01
2.291499999999999648e+00,8.215433963666818329e-01
2.291999999999999815e+00,8.213809978761658082e-01
2.292000000000000259e+00,8.213809978761654751e-01
2.292499999999999538e+00,8.211559932876367762e-01
2.292999999999999705e+00,8.212367440325246681e-01
2.293099999999999916e+00,8.212375937819688110e-01
2.293599999999999639e+00,8.212279381984792792e-01
2.293999999999999595e+00,8.212202058983056885e-01
2.294099999999999806e+00,8.212178833981110815e-01
2.294599999999999529e+00,8.208311433987717232e-01
2.294999999999999929e+00,8.205274207582837764e-01
2.295199999999999463e+00,8.203744297570083610e-01
2.295699999999999186e+00,8.199851223333869399e-01
2.296000000000000263e+00,8.199764134962738149e-01
2.296199999999999353e+00,8.199694834277843070e-01
2.296699999999999520e+00,8.199521501406075163e-01
2.296999999999999709e+00,8.199292558222647243e-01
2.297299999999999898e+00,8.199046198601704916e-01
2.297799999999999621e+00,8.197594979135485183e-01
2.297999999999999599e+00,8.197014539296235691e-01
2.298299999999999788e+00,8.196125962114699792e-01
2.298899999999999721e+00,8.193100977015189690e-01
2.298999999999999932e+00,8.192555309304487832e-01
2.299399999999999888e+00,8.190348174473244258e-01
2.299899999999999611e+00,8.190084642521627822e-01
2.299999999999999378e+00,8.190364585636670247e-01
2.300000000000000266e+00,8.190364585636676908e-01
2.300399999999999778e+00,8.191458668945623689e-01
2.300999999999999712e+00,8.192101547224309721e-01
2.301499999999999879e+00,8.192189070630851999e-01
2.301999999999999602e+00,8.190613150488023075e-01
2.302599999999999536e+00,8.189916065569390335e-01
2.302999999999999936e+00,8.188619889050835488e-01
2.303099999999999703e+00,8.188292041635067964e-01
2.303599999999999870e+00,8.187899718108886393e-01
2.304000000000000270e+00,8.186588381829029704e-01
2.304099999999999593e+00,8.186251207533278285e-01
2.304699999999999527e+00,8.182982119194963655e-01
2.304999999999999716e+00,8.181970962190525665e-01
2.305199999999999250e+00,8.181281082916976866e-01
2.305699999999999417e+00,8.178310990488022458e-01
2.305999999999999606e+00,8.176446354828774687e-01
2.306299999999999795e+00,8.174557856989798088e-01
2.306799999999999962e+00,8.171549458806549593e-01
2.306999999999999940e+00,8.169682716772854736e-01
2.307299999999999685e+00,8.166858105398548950e-01
2.307899999999999618e+00,8.163449353095711958e-01
2.307999999999999385e+00,8.162591230174700563e-01
2.307999999999999829e+00,8.162591230174706114e-01
2.308399999999999785e+00,8.159136878870574261e-01
2.308899999999999952e+00,8.157305549413477186e-01
2.308999999999999719e+00,8.156939313285308524e-01
2.309499999999999886e+00,8.155062758807907208e-01
2.309999999999999609e+00,8.154428479830750920e-01
2.310499999999999776e+00,8.153746575620536285e-01
2.310999999999999943e+00,8.151822769181483741e-01
2.311099999999999710e+00,8.151429436292824127e-01
2.311599999999999877e+00,8.148221713518726261e-01
2.311999999999999389e+00,8.147641728260325289e-01
2.312099999999999600e+00,8.147482526544659320e-01
2.312699999999999534e+00,8.147933511331084677e-01
2.312999999999999723e+00,8.148200183524285656e-01
2.313199999999999257e+00,8.148363985649896835e-01
2.313699999999999424e+00,8.146291631223556706e-01
2.313999999999999613e+00,8.144428148779065957e-01
2.314299999999999802e+00,8.142527411657646264e-01
2.314799999999999969e+00,8.140393390223406023e-01
2.314999999999999947e+00,8.139126656318560471e-01
2.315399999999999903e+00,8.136546598687329768e-01
2.315899999999999626e+00,8.131464405411419349e-01
2.315999999999999392e+00,8.130200609831349512e-01
2.316399999999999793e+00,8.125097995464883871e-01
2.316999999999999726e+00,8.121160007301283512e-01
2.317499999999999893e+00,8.117609191283077230e-01
2.317999999999999616e+00,8.115295800154503914e-01
2.318599999999999550e+00,8.113675629399825784e-01
2.318999999999999950e+00,8.115067350996413298e-01
2.319099999999999717e+00,8.115401201379367491e-01
2.319599999999999884e+00,8.119543046869739378e-01
2.319999999999999396e+00,8.118679819804967002e-01
2.320199999999999374e+00,8.118235216327674975e-01
2.320699999999999541e+00,8.118222338595199039e-01
2.320999999999999730e+00,8.116731012538773715e-01
2.321299999999999919e+00,8.115183881161085466e-01
2.321799999999999642e+00,8.111370316581161255e-01
2.321999999999999620e+00,8.109845261052799348e-01
2.322299999999999809e+00,8.107521857953330358e-01
2.322899999999999743e+00,8.102711975417000723e-01
2.322999999999999954e+00,8.101937955118960755e-01
2.323399999999999910e+00,8.098767960994369686e-01
2.323999999999999400e+00,8.095494084200077767e-01
2.323999999999999844e+00,8.095494084200072216e-01
2.324499999999999567e+00,8.089800465625736070e-01
2.324999999999999734e+00,8.088626225901193179e-01
2.325599999999999667e+00,8.082261744691688898e-01
2.325999999999999623e+00,8.078950687050470147e-01
2.326099999999999834e+00,8.077934711120776656e-01
2.326699999999999324e+00,8.073316373745422769e-01
2.326999999999999957e+00,8.071745397081997453e-01
2.327199999999999491e+00,8.070657406769632392e-01
2.327699999999999214e+00,8.067937413363316379e-01
2.327999999999999403e+00,8.067001620944803664e-01
2.328299999999999592e+00,8.066001719548386850e-01
2.328799999999999759e+00,8.061946846941082656e-01
2.328999999999999737e+00,8.060734405502647526e-01
2.329399999999999693e+00,8.058220560985569492e-01
2.329899999999999860e+00,8.056918665879254648e-01
2.329999999999999627e+00,8.056085627564867346e-01
2.330499999999999794e+00,8.051804715876945684e-01
2.330999999999999961e+00,8.046299519261763677e-01
2.331499999999999684e+00,8.040267164574510517e-01
2.331999999999999407e+00,8.033830203613601117e-01
2.332099999999999618e+00,8.032517876377340826e-01
2.332599999999999785e+00,8.025143682172576343e-01
2.332999999999999741e+00,8.021528591974980138e-01
2.333199999999999275e+00,8.019668343594299476e-01
2.333699999999999442e+00,8.013797897721082197e-01
2.333999999999999631e+00,8.010399030218467997e-01
2.334299999999999820e+00,8.006918182739319878e-01
2.334799999999999542e+00,7.999290875641388299e-01
2.334999999999999964e+00,7.996972436195407541e-01
2.335399999999999920e+00,7.992221674520936237e-01
2.335899999999999643e+00,7.985677409363078905e-01
2.335999999999999410e+00,7.985261073346298089e-01
2.336399999999999810e+00,7.983475267791703134e-01
2.336999999999999744e+00,7.978607034391195230e-01
2.337499999999999911e+00,7.976216748368565312e-01
2.337999999999999634e+00,7.970991684242028086e-01
2.338099999999999845e+00,7.969912372048962856e-01
2.338599999999999568e+00,7.963303694254361131e-01
2.338999999999999968e+00,7.958989053546587922e-01
2.339199999999999502e+00,7.956764073588449282e-01
2.339699999999999225e+00,7.951202809828052942e-01
2.339999999999999414e+00,7.949077605560871396e-01
2.340299999999999603e+00,7.946847062550782548e-01
2.340799999999999770e+00,7.942322394753055237e-01
2.340999999999999748e+00,7.940566326526734553e-01
2.341399999999999704e+00,7.936909346897306206e-01
2.341899999999999871e+00,7.930995896925024935e-01
2.341999999999999638e+00,7.929343755410572792e-01
2.342499999999999805e+00,7.920899942677157579e-01
2.342999999999999527e+00,7.909583369912340789e-01
2.343599999999999905e+00,7.900844135829634407e-01
2.343999999999999417e+00,7.897747570720403676e-01
2.344099999999999628e+00,7.896933925089706374e-01
2.344699999999999562e+00,7.890768787033575205e-01
2.344999999999999751e+00,7.886885300509213215e-01
2.345199999999999285e+00,7.884223466533271107e-01
2.345799999999999663e+00,7.874640480775607632e-01
2.345999999999999641e+00,7.871500910460337286e-01
2.346299999999999830e+00,7.866636969598990170e-01
2.346899999999999764e+00,7.855557510444590719e-01
2.346999999999999531e+00,7.854735632159562941e-01
2.347399999999999931e+00,7.851324593926325424e-01
2.347999999999999421e+00,7.844054687555802596e-01
2.347999999999999865e+00,7.844054687555798155e-01
2.348499999999999588e+00,7.840753840121835738e-01
2.348999999999999755e+00,7.834465943120911824e-01
2.349099999999999966e+00,7.833166155387456531e-01
2.349599999999999689e+00,7.823290696187462645e-01
2.349999999999999645e+00,7.817300829753666136e-01
2.350199999999999179e+00,7.814222067396601190e-01
2.350699999999999346e+00,7.805337939253529367e-01
2.350999999999999535e+00,7.799336624332503520e-01
2.351299999999999724e+00,7.793212574432197837e-01
2.351799999999999891e+00,7.788085660560135626e-01
2.351999999999999424e+00,7.786640477293260698e-01
2.352399999999999824e+00,7.783583417611219524e-01
2.352899999999999547e+00,7.777849627468165217e-01
2.352999999999999758e+00,7.776689516986982076e-01
2.353499999999999925e+00,7.770687457663655318e-01
2.353999999999999648e+00,7.763567230565754373e-01
2.354599999999999582e+00,7.753374877624200634e-01
2.354999999999999538e+00,7.745795898816508762e-01
2.355199999999999516e+00,7.741932052909666906e-01
2.355699999999999239e+00,7.732079886155563964e-01
2.355999999999999428e+00,7.726877369476130575e-01
2.356299999999999617e+00,7.721570703070913533e-01
2.356799999999999784e+00,7.711162734568351995e-01
2.356999999999999762e+00,7.706844978960499803e-01
2.357399999999999718e+00,7.698093659285690782e-01
2.357899999999999885e+00,7.685210543447253961e-01
2.357999999999999652e+00,7.683220723029680066e-01
2.358499999999999819e+00,7.673144452377487212e-01
2.358999999999999542e+00,7.664046573038917343e-01
2.359599999999999920e+00,7.654157031837952596e-01
2.359999999999999432e+00,7.647564787215135329e-01
2.359999999999999876e+00,7.647564787215129778e-01
2.360199999999999410e+00,7.644261162567653756e-01
2.360699999999999577e+00,7.638910799160184562e-01
2.360999999999999766e+00,7.633372900724544330e-01
2.361299999999999955e+00,7.627797837867794639e-01
2.361799999999999677e+00,7.619668949597022678e-01
2.361999999999999655e+00,7.616469071117204503e-01
2.362399999999999611e+00,7.610049999980211810e-01
2.362899999999999778e+00,7.601897678143020309e-01
2.362999999999999545e+00,7.600228687155039520e-01
2.363499999999999712e+00,7.591893240275545685e-01
2.363999999999999435e+00,7.582596380654400559e-01
2.364099999999999646e+00,7.580746317560934644e-01
2.364599999999999813e+00,7.573035327269371786e-01
2.364999999999999769e+00,7.563845396594423010e-01
2.365199999999999303e+00,7.559289009024049433e-01
2.365699999999999470e+00,7.548990069651397850e-01
2.365999999999999659e+00,7.542737008892689277e-01
2.366299999999999848e+00,7.536563083373498673e-01
2.366899999999999782e+00,7.523458043048980581e-01
2.366999999999999549e+00,7.521351358449324120e-01
2.367399999999999949e+00,7.513068388947127252e-01
2.367999999999999439e+00,7.504004003815550883e-01
2.367999999999999883e+00,7.504004003815547552e-01
2.368499999999999606e+00,7.495406296619155917e-01
2.368999999999999773e+00,7.487761746480903202e-01
2.369099999999999540e+00,7.486284933978829548e-01
2.369699999999999473e+00,7.475147392860035378e-01
2.369999999999999662e+00,7.470150167543381237e-01
2.370199999999999196e+00,7.466950741433922012e-01
2.370799999999999574e+00,7.457354995365329531e-01
2.370999999999999552e+00,7.454157257394028457e-01
2.371399999999999952e+00,7.448031898734082112e-01
2.371899999999999675e+00,7.438866626075021360e-01
2.371999999999999886e+00,7.437588084525198484e-01
2.372499999999999609e+00,7.431630315944860454e-01
2.372999999999999776e+00,7.425546949446065748e-01
2.373599999999999710e+00,7.418506255614026879e-01
2.373999999999999666e+00,7.416573266359544059e-01
2.374199999999999200e+00,7.415815917770175458e-01
2.374699999999999367e+00,7.414421880125239284e-01
2.374999999999999556e+00,7.411213765752999727e-01
2.375299999999999745e+00,7.408290604485467945e-01
2.375899999999999679e+00,7.400191010475761777e-01
2.375999999999999890e+00,7.398728896273636391e-01
2.376399999999999846e+00,7.393338967071351187e-01
2.376999999999999780e+00,7.387058223994876771e-01
2.377599999999999714e+00,7.379180099307655061e-01
2.377999999999999670e+00,7.372434249417403329e-01
2.378099999999999881e+00,7.370866422549284813e-01
2.378699999999999370e+00,7.361091438870965842e-01
2.378999999999999559e+00,7.357328473538912172e-01
2.379299999999999748e+00,7.353917309779639533e-01
2.379799999999999915e+00,7.346680322594846269e-01
2.379999999999999893e+00,7.345776280820575099e-01
2.380399999999999849e+00,7.344491697675727959e-01
2.380999999999999783e+00,7.342191772848306597e-01
2.381499999999999950e+00,7.343675142038260661e-01
2.381999999999999673e+00,7.342362037612262249e-01
2.382099999999999884e+00,7.342208845251370075e-01
2.382699999999999374e+00,7.341289537732430537e-01
2.382999999999999563e+00,7.339600104491277310e-01
2.383199999999999541e+00,7.338713549396136404e-01
2.383799999999999919e+00,7.338512725690430338e-01
2.383999999999999897e+00,7.337700660033341649e-01
2.384399999999999853e+00,7.336604024819343151e-01
2.384899999999999576e+00,7.333557491410530593e-01
2.384999999999999787e+00,7.333717733826887741e-01
2.385499999999999954e+00,7.334730069846385758e-01
2.385999999999999677e+00,7.335431758523339729e-01
2.386099999999999888e+00,7.335710708955552883e-01
2.386599999999999611e+00,7.337291435666200012e-01
2.386999999999999567e+00,7.337661702072835190e-01
2.387199999999999545e+00,7.338015397431928433e-01
2.387799999999999923e+00,7.340566115659379332e-01
2.387999999999999901e+00,7.339876001895899726e-01
2.388299999999999645e+00,7.339076566310032135e-01
2.388899999999999579e+00,7.339488389113425493e-01
2.388999999999999790e+00,7.339494756998540259e-01
2.389499999999999957e+00,7.339950055770686488e-01
2.389999999999999680e+00,7.341646218499363608e-01
2.390099999999999891e+00,7.342048658133369932e-01
2.390599999999999614e+00,7.346670529472218991e-01
2.390999999999999570e+00,7.348279380950856199e-01
2.391199999999999548e+00,7.349197926638879608e-01
2.391799999999999926e+00,7.353072057818031970e-01
2.391999999999999904e+00,7.354587232386211593e-01
2.392299999999999649e+00,7.357035520309401777e-01
2.392899999999999583e+00,7.361259293889483857e-01
2.392999999999999794e+00,7.361963158429798426e-01
2.393499999999999961e+00,7.365690216509821475e-01
2.393999999999999684e+00,7.368481436094745929e-01
2.394099999999999895e+00,7.369075276355234738e-01
2.394599999999999618e+00,7.375786359349514321e-01
2.394999999999999574e+00,7.378161012886290671e-01
2.395199999999999552e+00,7.379415418894255119e-01
2.395799999999999930e+00,7.382052909464276169e-01
2.395999999999999908e+00,7.382056972161760156e-01
2.396399999999999864e+00,7.382150910250520059e-01
2.396899999999999586e+00,7.382764997200739199e-01
2.396999999999999797e+00,7.383224752074232233e-01
2.397499999999999964e+00,7.385605798968478686e-01
2.397999999999999687e+00,7.389859941978843549e-01
2.398099999999999898e+00,7.390723451375142972e-01
2.398699999999999388e+00,7.396279290164902154e-01
2.398999999999999577e+00,7.401235675827225746e-01
2.399199999999999555e+00,7.404552215827284734e-01
2.399799999999999933e+00,7.410895380224882256e-01
2.399999999999999911e+00,7.413135290091943386e-01
2.400399999999999867e+00,7.416540808641729488e-01
2.400999999999999801e+00,7.417881434096004201e-01
2.401499999999999968e+00,7.416154132345808003e-01
2.401999999999999691e+00,7.415991084327130389e-01
2.402099999999999902e+00,7.415951389567634333e-01
2.402699999999999392e+00,7.417215629866332760e-01
2.402999999999999581e+00,7.417092555052146041e-01
2.403299999999999770e+00,7.416938600857647668e-01
2.403799999999999937e+00,7.417745625622189642e-01
2.403999999999999915e+00,7.418519261260871911e-01
2.404399999999999871e+00,7.420006455751910757e-01
2.404999999999999805e+00,7.421102779965876861e-01
2.405599999999999739e+00,7.421727191897369291e-01
2.405999999999999694e+00,7.423145374287418718e-01
2.406199999999999228e+00,7.423818892169414818e-01
2.406699999999999395e+00,7.424369443058039808e-01
2.406999999999999584e+00,7.424811097306699414e-01
2.407299999999999773e+00,7.425186002156437537e-01
2.407899999999999707e+00,7.428194597348948269e-01
2.407999999999999918e+00,7.428507063525028320e-01
2.408499999999999641e+00,7.429966740700981731e-01
2.408999999999999808e+00,7.431423260923254448e-01
2.409099999999999575e+00,7.431692184201633689e-01
2.409599999999999742e+00,7.433034955461473858e-01
2.409999999999999698e+00,7.434106958293423828e-01
2.410199999999999232e+00,7.430296276730978811e-01
2.410799999999999610e+00,7.418869040782650748e-01
2.410999999999999588e+00,7.415438052033771488e-01
2.411399999999999544e+00,7.408018996207946794e-01
2.411999999999999922e+00,7.399523164023484867e-01
2.412499999999999645e+00,7.390861201280800596e-01
2.412999999999999812e+00,7.380702082925578722e-01
2.413099999999999579e+00,7.378693215626835888e-01
2.413699999999999513e+00,7.366644586640109793e-01
2.413999999999999702e+00,7.359875941712892278e-01
2.414299999999999891e+00,7.353191405871477571e-01
2.414899999999999824e+00,7.341322527120747177e-01
2.414999999999999591e+00,7.339345128827160503e-01
2.415499999999999758e+00,7.329640505165233577e-01
2.415999999999999925e+00,7.318826356530905297e-01
2.416599999999999859e+00,7.304893851447915587e-01
2.417000000000000259e+00,7.298331242039738376e-01
2.417199999999999349e+00,7.295151691514282222e-01
2.417799999999999727e+00,7.285244998614710532e-01
2.417999999999999705e+00,7.281943598816548180e-01
2.418399999999999661e+00,7.275585775722326343e-01
2.418999999999999595e+00,7.267527513653930793e-01
2.419499999999999762e+00,7.257936882389012245e-01
2.419999999999999929e+00,7.247310787830683054e-01
2.420099999999999696e+00,7.245260087160221296e-01
2.420699999999999186e+00,7.232963737433142359e-01
2.421000000000000263e+00,7.228104934332421072e-01
2.421299999999999564e+00,7.223499425777066829e-01
2.421899999999999942e+00,7.215757648450781270e-01
2.421999999999999709e+00,7.213979191559045656e-01
2.422499999999999876e+00,7.205583635148715693e-01
2.422999999999999599e+00,7.199630479887648704e-01
2.423099999999999810e+00,7.198531357270356867e-01
2.423699999999999299e+00,7.190477056494006813e-01
2.423999999999999932e+00,7.187108277616973684e-01
2.424199999999999466e+00,7.185064932641559432e-01
2.424799999999999844e+00,7.177623843418615701e-01
2.425000000000000266e+00,7.175144320546923415e-01
2.425399999999999778e+00,7.170639759842889482e-01
2.425999999999999712e+00,7.162794552619915489e-01
2.426599999999999646e+00,7.156654168692356821e-01
2.426999999999999602e+00,7.153288309929033417e-01
2.427199999999999580e+00,7.151824270395122918e-01
2.427799999999999958e+00,7.147432468929328930e-01
2.427999999999999936e+00,7.146089563485321650e-01
2.428399999999999892e+00,7.143873916390515166e-01
2.428999999999999826e+00,7.140187712024991251e-01
2.429000000000000270e+00,7.140187712024982369e-01
2.429499999999999549e+00,7.137809484987682751e-01
2.429999999999999716e+00,7.133439096609931473e-01
2.430099999999999927e+00,7.132672668072257416e-01
2.430699999999999417e+00,7.128074928416856526e-01
2.430999999999999606e+00,7.126319211752625282e-01
2.431299999999999795e+00,7.124896310170633074e-01
2.431899999999999729e+00,7.122050219279307814e-01
2.431999999999999940e+00,7.121334826100349513e-01
2.432499999999999662e+00,7.118228588745145746e-01
2.432999999999999385e+00,7.115423551606516739e-01
2.433099999999999596e+00,7.114958674113052162e-01
2.433699999999999530e+00,7.112168957627253985e-01
2.433999999999999719e+00,7.110593306165524652e-01
2.434299999999999908e+00,7.109303487658807930e-01
2.434899999999999842e+00,7.107083746867230989e-01
2.434999999999999609e+00,7.106713647185515237e-01
2.435499999999999776e+00,7.105255506875418625e-01
2.435999999999999943e+00,7.105599609475576894e-01
2.436099999999999710e+00,7.105746392102323394e-01
2.436599999999999877e+00,7.105577202878164966e-01
2.436999999999999389e+00,7.106161994546295047e-01
2.437199999999999367e+00,7.106602524944152233e-01
2.437799999999999745e+00,7.109365676844101589e-01
2.437999999999999723e+00,7.109444008958444305e-01
2.438399999999999679e+00,7.109837060998168701e-01
2.438999999999999613e+00,7.112950871827359300e-01
2.439599999999999547e+00,7.113892747802549321e-01
2.439999999999999947e+00,7.112833278877833676e-01
2.440199999999999481e+00,7.112405939652349796e-01
2.440799999999999859e+00,7.112565316279126915e-01
2.440999999999999392e+00,7.112136011747896003e-01
2.441399999999999793e+00,7.111433387178935916e-01
2.441999999999999726e+00,7.112903157378752672e-01
2.442599999999999660e+00,7.113500651210432624e-01
2.442999999999999616e+00,7.115341186537014195e-01
2.443199999999999594e+00,7.116320867967559360e-01
2.443799999999999972e+00,7.120703148903583246e-01
2.443999999999999950e+00,7.122042789402067697e-01
2.444399999999999906e+00,7.124805615116007740e-01
2.444999999999999396e+00,7.128223529888878529e-01
2.444999999999999840e+00,7.128223529888882970e-01
2.445599999999999774e+00,7.133913560153485323e-01
2.445999999999999730e+00,7.136015706682220516e-01
2.446199999999999264e+00,7.137089892446145667e-01
2.446799999999999642e+00,7.138135453727013635e-01
2.446999999999999620e+00,7.138845096778225763e-01
2.447399999999999576e+00,7.140287076332118010e-01
2.447999999999999954e+00,7.142445851198205853e-01
2.448599999999999888e+00,7.142074237706323991e-01
2.448999999999999400e+00,7.142790092006925384e-01
2.449199999999999378e+00,7.143142811744220833e-01
2.449799999999999756e+00,7.143834602091108099e-01
2.449999999999999734e+00,7.144547522902041647e-01
2.450399999999999689e+00,7.145950434286745256e-01
2.450999999999999623e+00,7.148050634090599154e-01
2.451599999999999557e+00,7.150091304276805504e-01
2.451999999999999957e+00,7.149996929898020381e-01
2.452199999999999491e+00,7.149924594679442080e-01
2.452799999999999869e+00,7.150429927906014616e-01
2.452999999999999403e+00,7.150355136233501607e-01
2.453399999999999803e+00,7.150150734666290697e-01
2.453999999999999737e+00,7.152018165451731191e-01
2.454599999999999671e+00,7.153780333419558213e-01
2.454999999999999627e+00,7.155679091025765048e-01
2.455199999999999605e+00,7.156590677828086333e-01
2.455799999999999539e+00,7.158232401018185254e-01
2.455999999999999961e+00,7.158415157414358410e-01
2.456399999999999917e+00,7.158705904798750019e-01
2.456999999999999407e+00,7.160228581286406380e-01
2.456999999999999851e+00,7.160228581286406380e-01
2.457599999999999785e+00,7.161617805754106891e-01
2.457999999999999741e+00,7.163268884843747575e-01
2.458199999999999275e+00,7.164049231610861712e-01
2.458799999999999653e+00,7.166387769414077624e-01
2.458999999999999631e+00,7.167287741218030250e-01
2.459399999999999586e+00,7.169002151512776644e-01
2.459999999999999964e+00,7.171206813163848448e-01
2.460599999999999898e+00,7.172171080701417178e-01
2.460999999999999410e+00,7.173540008773126031e-01
2.461199999999999388e+00,7.174175840137753113e-01
2.461799999999999766e+00,7.176445292335974502e-01
2.461999999999999744e+00,7.177079594744996127e-01
2.462399999999999700e+00,7.178257800353596840e-01
2.462999999999999634e+00,7.181115704599646543e-01
2.463099999999999845e+00,7.181566681893104542e-01
2.463699999999999335e+00,7.182083357019078962e-01
2.463999999999999968e+00,7.182340335952532850e-01
2.464299999999999713e+00,7.182523199940804570e-01
2.464899999999999647e+00,7.181428066097105267e-01
2.464999999999999414e+00,7.181305967996839401e-01
2.465499999999999581e+00,7.180581848711761195e-01
2.465999999999999748e+00,7.179855441393677706e-01
2.466099999999999959e+00,7.179684683577640669e-01
2.466699999999999449e+00,7.180845139539940858e-01
2.466999999999999638e+00,7.180877427973298976e-01
2.467299999999999827e+00,7.180837183169711535e-01
2.467899999999999761e+00,7.180754378929368187e-01
2.467999999999999972e+00,7.180132784928715539e-01
2.468499999999999694e+00,7.176914731015988647e-01
2.468999999999999417e+00,7.176731469771542304e-01
2.469099999999999628e+00,7.176670246742664627e-01
2.469699999999999562e+00,7.176301260406204863e-01
2.469999999999999751e+00,7.177208705832635038e-01
2.470399999999999707e+00,7.178325938852520016e-01
2.470999999999999641e+00,7.178906412278648341e-01
2.471599999999999575e+00,7.180816028133439888e-01
2.471999999999999975e+00,7.179414972946187579e-01
2.472199999999999509e+00,7.177051997448834486e-01
2.472799999999999887e+00,7.170330122097332559e-01
2.472999999999999421e+00,7.168454250267832784e-01
2.473399999999999821e+00,7.164334069591299370e-01
2.473999999999999755e+00,7.157065958195334421e-01
2.474599999999999689e+00,7.151851593748949076e-01
2.474999999999999645e+00,7.147650191179956147e-01
2.475199999999999179e+00,7.145499826734219573e-01
2.475899999999999768e+00,7.139063147327826542e-01
2.475999999999999535e+00,7.137988480783014067e-01
2.476499999999999702e+00,7.132494976461687397e-01
2.476999999999999424e+00,7.126099187848645711e-01
2.477099999999999635e+00,7.124797058682283968e-01
2.477699999999999569e+00,7.116987391133702268e-01
2.477999999999999758e+00,7.112904011245200220e-01
2.478299999999999947e+00,7.108739815216917890e-01
2.478899999999999881e+00,7.099695257741284182e-01
2.478999999999999648e+00,7.098308734850199420e-01
2.479499999999999815e+00,7.091246655302608781e-01
2.479999999999999538e+00,7.084617318869933511e-01
2.480199999999999516e+00,7.081915378657286375e-01
2.480799999999999894e+00,7.074736877112868250e-01
2.480999999999999428e+00,7.073541852211060466e-01
2.481399999999999828e+00,7.071029977138050260e-01
2.481999999999999762e+00,7.066184114553071272e-01
2.482599999999999696e+00,7.060805100843946525e-01
2.482999999999999652e+00,7.055786285804328539e-01
2.483199999999999186e+00,7.053220934136004150e-01
2.483899999999999775e+00,7.043173145218970532e-01
2.483999999999999542e+00,7.041474604432037543e-01
2.484499999999999709e+00,7.032818224648549332e-01
2.484999999999999432e+00,7.024466381399613324e-01
2.485099999999999643e+00,7.022764850536290515e-01
2.485699999999999577e+00,7.013273548621425935e-01
2.485999999999999766e+00,7.009954342918749415e-01
2.486299999999999955e+00,7.006541410966481420e-01
2.486899999999999888e+00,6.999361345430108461e-01
2.486999999999999655e+00,6.998342526799334884e-01
2.487599999999999589e+00,6.992004848472064271e-01
2.487999999999999545e+00,6.987070460757326407e-01
2.488199999999999523e+00,6.984532775844140007e-01
2.488799999999999901e+00,6.975859031042274117e-01
2.488999999999999435e+00,6.973322876053407171e-01
2.489399999999999835e+00,6.968111500931580826e-01
2.489999999999999769e+00,6.959236852344273805e-01
2.490699999999999470e+00,6.950006658453926622e-01
2.490999999999999659e+00,6.944742477071293996e-01
2.491299999999999848e+00,6.939362253892606969e-01
2.491899999999999782e+00,6.928960841614408839e-01
2.491999999999999549e+00,6.926993694464627094e-01
2.492499999999999716e+00,6.916967742944397646e-01
2.492999999999999439e+00,6.908996864472138899e-01
2.493099999999999650e+00,6.907355912781371066e-01
2.493799999999999795e+00,6.895874087662804408e-01
2.493999999999999773e+00,6.893411607691287690e-01
2.494399999999999729e+00,6.888300530817704770e-01
2.494999999999999662e+00,6.879237051532848257e-01
2.495599999999999596e+00,6.871308122218762193e-01
2.495999999999999552e+00,6.864993437370366935e-01
2.496299999999999741e+00,6.860098337224126430e-01
2.496899999999999675e+00,6.850460434181542269e-01
2.496999999999999442e+00,6.848680702075239379e-01
2.497499999999999609e+00,6.839537496004427508e-01
2.497999999999999776e+00,6.830399407025271596e-01
2.498099999999999543e+00,6.828522764750846186e-01
2.498799999999999688e+00,6.813317037660505671e-01
2.498999999999999666e+00,6.809568509741152909e-01
2.499399999999999622e+00,6.801831933717652490e-01
2.499999999999999556e+00,6.789199850059521868e-01
2.500599999999999934e+00,6.787836937247037072e-01
2.501299999999999635e+00,6.786821314913373815e-01
2.501899999999999569e+00,6.784425473532680329e-01
2.502499999999999947e+00,6.784440874783361775e-01
2.503099999999999881e+00,6.785834054422359429e-01
2.503799999999999581e+00,6.786885509641008563e-01
2.504399999999999959e+00,6.786900916420816054e-01
2.504999999999999893e+00,6.787949937227830688e-01
2.505599999999999827e+00,6.790377607626139067e-01
2.506299999999999972e+00,6.790395591391615859e-01
2.506899999999999906e+00,6.791445047313170447e-01
2.507499999999999840e+00,6.789392503121114419e-01
2.508199999999999541e+00,6.789410484212992092e-01
2.508799999999999919e+00,6.785980397054826030e-01
2.509399999999999853e+00,6.783584778888758215e-01
2.509999999999999787e+00,6.780157040817851311e-01
2.510699999999999488e+00,6.779142326148869246e-01
2.511299999999999866e+00,6.779157715150152530e-01
2.511899999999999800e+00,6.779173104168897401e-01
2.512599999999999945e+00,6.780223736686199487e-01
2.513199999999999434e+00,6.782649206460898972e-01
2.513799999999999812e+00,6.784730934936068492e-01
2.514499999999999957e+00,6.786126741265278151e-01
2.515099999999999891e+00,6.788209327104886004e-01
2.515699999999999381e+00,6.788224736560464212e-01
2.516399999999999970e+00,6.788242714280744439e-01
2.516999999999999904e+00,6.789636534256355826e-01
2.517599999999999838e+00,6.789651946896348989e-01
2.518299999999999539e+00,6.787257845048263460e-01
2.518899999999999917e+00,6.787273252250681788e-01
2.519499999999999851e+00,6.787288659470585017e-01
2.520199999999999552e+00,6.787306634582577214e-01
2.520799999999999930e+00,6.788355717639044107e-01
2.520999999999999908e+00,6.788360854177677428e-01
2.521399999999999864e+00,6.788370760364818013e-01
2.522099999999999564e+00,6.787354415480688630e-01
2.522699999999999498e+00,6.788402955522943039e-01
2.523299999999999876e+00,6.788417814852439891e-01
2.523999999999999577e+00,6.788435150757413661e-01
2.524599999999999955e+00,6.789828459568355568e-01
2.525299999999999656e+00,6.788467346068229880e-01
2.525899999999999590e+00,6.786414941275769053e-01
2.526499999999999968e+00,6.784018619225852254e-01
2.527199999999999225e+00,6.780592585419916718e-01
2.527799999999999603e+00,6.780607427531242237e-01
2.528399999999999537e+00,6.780622269658811430e-01
2.529099999999999682e+00,6.780639585494838695e-01
2.529699999999999616e+00,6.779621683420142819e-01
2.530399999999999761e+00,6.777229743309451937e-01
2.530999999999999694e+00,6.775180044349178310e-01
2.531599999999999628e+00,6.777259412653231507e-01
2.532299999999999773e+00,6.779685989850658956e-01
2.532899999999999707e+00,6.783143840265445368e-01
2.533599999999999852e+00,6.785227645260774043e-01
2.534199999999999342e+00,6.786620435380056326e-01
2.534899999999999931e+00,6.785259824795939476e-01
2.535499999999999865e+00,6.784241365375865973e-01
2.536099999999999799e+00,6.783223027340793410e-01
2.536799999999999944e+00,6.783240349575138106e-01
2.537399999999999878e+00,6.783255197222184396e-01
2.538099999999999579e+00,6.784305714944438570e-01
2.538699999999999513e+00,6.785353888490101015e-01
2.539399999999999658e+00,6.786749180259463721e-01
2.539999999999999591e+00,6.785386068324626985e-01
2.540699999999999292e+00,6.783336859571386102e-01
2.541299999999999670e+00,6.779908591388237316e-01
2.541899999999999604e+00,6.776481706427867069e-01
2.542599999999999749e+00,6.775466763670884296e-01
2.543199999999999239e+00,6.776513843998097641e-01
2.543899999999999828e+00,6.778940227287117981e-01
2.544499999999999762e+00,6.778955065329580476e-01
2.545199999999999463e+00,6.778972376399639010e-01
2.545799999999999841e+00,6.777610504819154835e-01
2.546499999999999542e+00,6.777627812414638298e-01
2.547099999999999920e+00,6.779019363701220824e-01
2.547799999999999621e+00,6.782135112162522850e-01
2.548399999999999554e+00,6.783527406964466877e-01
2.548999999999999932e+00,6.783542254925674087e-01
2.549099999999999699e+00,6.783547204249688045e-01
2.549699999999999189e+00,6.781166492220422892e-01
2.550399999999999778e+00,6.777758856354675343e-01
2.550999999999999712e+00,6.775723827530895083e-01
2.551699999999999413e+00,6.774382238970207970e-01
2.552299999999999791e+00,6.776820390805831096e-01
2.552999999999999936e+00,6.780296916151437037e-01
2.553599999999999870e+00,6.784803196908351097e-01
2.554299999999999571e+00,6.788283012392649640e-01
2.554899999999999949e+00,6.790725186714935413e-01
2.555599999999999650e+00,6.791793993825872011e-01
2.556199999999999584e+00,6.792857981579232263e-01
2.556899999999999729e+00,6.790824276220290834e-01
2.557499999999999662e+00,6.787407778935385938e-01
2.558199999999999363e+00,6.782620054944299426e-01
2.558899999999999952e+00,6.778179194522245821e-01
2.559499999999999886e+00,6.772703777867447039e-01
2.560199999999999587e+00,6.765862001871104647e-01
2.560799999999999965e+00,6.762455516992731397e-01
2.561499999999999666e+00,6.759055329513372623e-01
2.562099999999999600e+00,6.759084916940152343e-01
2.562799999999999745e+00,6.762554191866434472e-01
2.563399999999999679e+00,6.766019961890054057e-01
2.564099999999999380e+00,6.772931076170767284e-01
2.564799999999999969e+00,6.780880660921106973e-01
2.565399999999999903e+00,6.785387328364441695e-01
2.566099999999999604e+00,6.788867441947867842e-01
2.566699999999999537e+00,6.786485179250753008e-01
2.567399999999999682e+00,6.782042241640137137e-01
2.568099999999999383e+00,6.777601622083504473e-01
2.568699999999999317e+00,6.774190379014328744e-01
2.569399999999999906e+00,6.775257105858580875e-01
2.569999999999999840e+00,6.777695570649815426e-01
2.570699999999999541e+00,6.778762744408124430e-01
2.571399999999999686e+00,6.775355964426239552e-01
2.571999999999999620e+00,6.770913874662062293e-01
2.572699999999999321e+00,6.767510236174461014e-01
2.573299999999999699e+00,6.766508662375180227e-01
2.573999999999999844e+00,6.769981047522454221e-01
2.574699999999999545e+00,6.771047247080745901e-01
2.575299999999999923e+00,6.769013748957174448e-01
2.575999999999999623e+00,6.769048316745785998e-01
2.576699999999999324e+00,6.771146042311834146e-01
2.576999999999999957e+00,6.774600583237264662e-01
2.577299999999999702e+00,6.778056025455645450e-01
2.577999999999999847e+00,6.783598183700879636e-01
2.578599999999999337e+00,6.783626852878946734e-01
2.579299999999999926e+00,6.781594085052863319e-01
2.579999999999999627e+00,6.775775950933228264e-01
2.580599999999999561e+00,6.770300892723244424e-01
2.581299999999999706e+00,6.766896264964180618e-01
2.581999999999999851e+00,6.761431692859063425e-01
2.582599999999999341e+00,6.755622601617021772e-01
2.583299999999999930e+00,6.756685798912868135e-01
2.583999999999999631e+00,6.759122686206796571e-01
2.584599999999999564e+00,6.763616863799011281e-01
2.585299999999999709e+00,6.765024728002142496e-01
2.585999999999999854e+00,6.763683560050721688e-01
2.586699999999999555e+00,6.761655532714569983e-01
2.587299999999999933e+00,6.761684108281961203e-01
2.587999999999999634e+00,6.766184436577079575e-01
2.588699999999999335e+00,6.771718898520843188e-01
2.589299999999999713e+00,6.775187536012429179e-01
2.589999999999999858e+00,6.777629797895573516e-01
2.590699999999999559e+00,6.776286633880632682e-01
2.591299999999999937e+00,6.771842909835084079e-01
2.591999999999999638e+00,6.763969404854156542e-01
2.592699999999999338e+00,6.752670927882515883e-01
2.593399999999999928e+00,6.739331583140012460e-01
2.593999999999999861e+00,6.732510494618827446e-01
2.594699999999999562e+00,6.735967793140767990e-01
2.595399999999999707e+00,6.749368393096764063e-01
2.596099999999999408e+00,6.765539356290789508e-01
2.596699999999999342e+00,6.775540674322160228e-01
2.597399999999999931e+00,6.784525184479660576e-01
2.598099999999999188e+00,6.788003901605883517e-01
2.598799999999999777e+00,6.789415873954336433e-01
2.599399999999999711e+00,6.788066054177825936e-01
2.600099999999999412e+00,6.784654205072649935e-01
2.600799999999999557e+00,6.780210813762035382e-01
2.601499999999999702e+00,6.775769741930341983e-01
2.602099999999999191e+00,6.771326219533075896e-01
2.602799999999999780e+00,6.765858626270816467e-01
2.603499999999999925e+00,6.759020755930678082e-01
2.604199999999999182e+00,6.752188401643823834e-01
2.604799999999999560e+00,6.747757218886842878e-01
2.605499999999999705e+00,6.748819447626949186e-01
2.605999999999999872e+00,6.753009353872706511e-01
2.606199999999999406e+00,6.754685900570414070e-01
2.606899999999999551e+00,6.760212965000008678e-01
2.607599999999999252e+00,6.764712629610367678e-01
2.608199999999999186e+00,6.770585395414203678e-01
2.608899999999999775e+00,6.774058430963619815e-01
2.609599999999999476e+00,6.776156302299423118e-01
2.610299999999999621e+00,6.779631635784119092e-01
2.610999999999999766e+00,6.782075252331927206e-01
2.611599999999999255e+00,6.780726569130708370e-01
2.612299999999999844e+00,6.779727133204255241e-01
2.612999999999999545e+00,6.774254041429805806e-01
2.613699999999999246e+00,6.769472148896018560e-01
2.614399999999999835e+00,6.762974834362892596e-01
2.615099999999999536e+00,6.755109311688916041e-01
2.615699999999999470e+00,6.749304286171372569e-01
2.616399999999999615e+00,6.749337560043393580e-01
2.617099999999999316e+00,6.755204462080957040e-01
2.617799999999999905e+00,6.760731949547430508e-01
2.618499999999999606e+00,6.764200976807428489e-01
2.619199999999999307e+00,6.763203462893692119e-01
2.619899999999999896e+00,6.764267670856565218e-01
2.620499999999999829e+00,6.771171935860607061e-01
2.621199999999999530e+00,6.777742424525630138e-01
2.621899999999999675e+00,6.785695971837168994e-01
2.622599999999999376e+00,6.789175286388547947e-01
2.623299999999999965e+00,6.788174845360727128e-01
2.623999999999999666e+00,6.783729463855324715e-01
2.624699999999999367e+00,6.776876956622339687e-01
2.625399999999999956e+00,6.772437475313045629e-01
2.626099999999999213e+00,6.768000312062814050e-01
2.626699999999999591e+00,6.766997576070979958e-01
2.627399999999999736e+00,6.768062275367217051e-01
2.628099999999999437e+00,6.762253016690480401e-01
2.628799999999999581e+00,6.754388011038292561e-01
2.629499999999999726e+00,6.747902127142370032e-01
2.630199999999999427e+00,6.749993547410250150e-01
2.630899999999999572e+00,6.757921108605849936e-01
2.631599999999999273e+00,6.768262466443051295e-01
2.632299999999999862e+00,6.773798623002819097e-01
2.632999999999999563e+00,6.778305690396354555e-01
2.633699999999999264e+00,6.783159575570518740e-01
2.634399999999999853e+00,6.787671642633258395e-01
2.634999999999999787e+00,6.793215751826343629e-01
2.635699999999999488e+00,6.795629878917077704e-01
2.636399999999999633e+00,6.796664714891560433e-01
2.637099999999999334e+00,6.794595168994784773e-01
2.637799999999999923e+00,6.794595168994784773e-01
2.638499999999999623e+00,6.794595168994784773e-01
2.639199999999999324e+00,6.792181335981050117e-01
2.639899999999999913e+00,6.789768189042488800e-01
2.640599999999999614e+00,6.787700323329829422e-01
2.641299999999999759e+00,6.784255000109219447e-01
2.641999999999999904e+00,6.786322026113568162e-01
2.642699999999999605e+00,6.786322026113568162e-01
2.643399999999999750e+00,6.787700323329829422e-01
2.644099999999999451e+00,6.785288450142864525e-01
2.644799999999999596e+00,6.779778171622079519e-01
2.645499999999999741e+00,6.776336065861807700e-01
2.646199999999999442e+00,6.778401161507578987e-01
2.646899999999999586e+00,6.780811076061431519e-01
2.647599999999999287e+00,6.784255000109219447e-01
2.648299999999999876e+00,6.788734193198445732e-01
2.648999999999999577e+00,6.789768189042487689e-01
2.649699999999999278e+00,6.788734193198444622e-01
2.650399999999999867e+00,6.784255000109219447e-01
2.651099999999999568e+00,6.779778171622079519e-01
2.651799999999999713e+00,6.773927423779612100e-01
2.652499999999999858e+00,6.772895358294218626e-01
2.653199999999999559e+00,6.773927423779610990e-01
2.653899999999999704e+00,6.772895358294218626e-01
2.654599999999999405e+00,6.772895358294218626e-01
2.655299999999999550e+00,6.773927423779612100e-01
2.655999999999999694e+00,6.776336065861807700e-01
2.656699999999999395e+00,6.776336065861805480e-01
2.657499999999999751e+00,6.775303706800681613e-01
2.658199999999999452e+00,6.772895358294218626e-01
2.658899999999999597e+00,6.770487694693424485e-01
2.659599999999999298e+00,6.770487694693424485e-01
2.660299999999999887e+00,6.771863418607825258e-01
2.660999999999999588e+00,6.772895358294218626e-01
2.661699999999999289e+00,6.770487694693424485e-01
2.662399999999999878e+00,6.766018136033159491e-01
2.663099999999999579e+00,6.758116237966839135e-01
2.663799999999999724e+00,6.748163499902353202e-01
2.663999999999999702e+00,6.745517949016904824e-01
2.664499999999999869e+00,6.738930639586733218e-01
2.665199999999999569e+00,6.736907271737135883e-01
2.665999999999999925e+00,6.738999453396333772e-01
2.666699999999999182e+00,6.743486875284517845e-01
2.667399999999999771e+00,6.748319692343640597e-01
2.668099999999999472e+00,6.744922495671662466e-01
2.668799999999999617e+00,6.741526660715119190e-01
2.669499999999999762e+00,6.738132187068600620e-01
2.670199999999999463e+00,6.743647548743402220e-01
2.670899999999999608e+00,6.756373439331506692e-01
2.671699999999999520e+00,6.766372804485967229e-01
2.672399999999999665e+00,6.772250664367862605e-01
2.673099999999999365e+00,6.767812373169357354e-01
2.673799999999999955e+00,6.762002037954017997e-01
2.674499999999999655e+00,6.751733610501708949e-01
2.675199999999999356e+00,6.739421519114303649e-01
2.675899999999999945e+00,6.730549522920911132e-01
2.676699999999999413e+00,6.723743229703046387e-01
2.677399999999999558e+00,6.724801361006136347e-01
2.678099999999999259e+00,6.728254632870572793e-01
2.678799999999999848e+00,6.737531007639019354e-01
2.679499999999999549e+00,6.746474687694536954e-01
2.680199999999999250e+00,6.751995592730470896e-01
2.680999999999999606e+00,6.755464668501566239e-01
2.681699999999999307e+00,6.755496858550824602e-01
2.682399999999999896e+00,6.754499200557527727e-01
2.683099999999999596e+00,6.752128883885352151e-01
2.683799999999999741e+00,6.753533838892633590e-01
2.684599999999999209e+00,6.753570616661291881e-01
2.685299999999999798e+00,6.757035761921222905e-01
2.685999999999999943e+00,6.760158835348368811e-01
2.686699999999999200e+00,6.765001348148910187e-01
2.687399999999999789e+00,6.768471204814534570e-01
2.688199999999999257e+00,6.771603134635868493e-01
2.688899999999999846e+00,6.776452229293272733e-01
2.689599999999999547e+00,6.778549722305035052e-01
2.690299999999999692e+00,6.778582021410036740e-01
2.691099999999999604e+00,6.776553709856162344e-01
2.691799999999999748e+00,6.769705518586844883e-01
2.692499999999999893e+00,6.762862851761831662e-01
2.693199999999999594e+00,6.754995782221715483e-01
2.693999999999999950e+00,6.751600375758312067e-01
2.694699999999999207e+00,6.749573891295087558e-01
2.695399999999999796e+00,6.752694236855670828e-01
2.696099999999999497e+00,6.758562762468846019e-01
2.696899999999999853e+00,6.764096317332609631e-01
2.697599999999999554e+00,6.767565848408743090e-01
2.698299999999999699e+00,6.771036809558685921e-01
2.699099999999999611e+00,6.771073680823735952e-01
2.699799999999999756e+00,6.769042525346519179e-01
2.700499999999999901e+00,6.769074778031013429e-01
2.701199999999999601e+00,6.770138686691729024e-01
2.701999999999999957e+00,6.773615332914078024e-01
2.702699999999999214e+00,6.775712156122092322e-01
2.703399999999999803e+00,6.775744440266961988e-01
2.704199999999999271e+00,6.775781336526709442e-01
2.704899999999999860e+00,6.774781267972824761e-01
2.705599999999999561e+00,6.772405201952100828e-01
2.706399999999999917e+00,6.771410135754867277e-01
2.707099999999999618e+00,6.765940795752901638e-01
2.707799999999999763e+00,6.759101025306857302e-01
2.708599999999999230e+00,6.750212520882957756e-01
2.709299999999999820e+00,6.746814366827199594e-01
2.709999999999999964e+00,6.747875465817161356e-01
2.710799999999999876e+00,6.755805065525917197e-01
2.711499999999999577e+00,6.766143430257984814e-01
2.712199999999999278e+00,6.775117900489029399e-01
2.712999999999999634e+00,6.783073150678203822e-01
2.713699999999999335e+00,6.785516884366626922e-01
2.714399999999999924e+00,6.786582892691923607e-01
2.715199999999999392e+00,6.786619846587335081e-01
2.715899999999999981e+00,6.786652181328356459e-01
2.716699999999999449e+00,6.784277376682192884e-01
2.717399999999999594e+00,6.778799657079146446e-01
2.718099999999999294e+00,6.768510224147447074e-01
2.718899999999999650e+00,6.755147557681331349e-01
2.719599999999999351e+00,6.745915544015601562e-01
2.720299999999999940e+00,6.745947684340353190e-01
2.721099999999999408e+00,6.755248708868640817e-01
2.721799999999999553e+00,6.765242811597869110e-01
2.722599999999999465e+00,6.767686022264952639e-01
2.723299999999999610e+00,6.766686874138390095e-01
2.723999999999999755e+00,6.764613735084140655e-01
2.724099999999999522e+00,6.764317613515197225e-01
2.724799999999999667e+00,6.766755957550991685e-01
2.725499999999999812e+00,6.773322567050039655e-01
2.726299999999999724e+00,6.783687207454851542e-01
2.726999999999999869e+00,6.790611729232665095e-01
2.727799999999999780e+00,6.794096923456336423e-01
2.728499999999999925e+00,6.795164036460554779e-01
2.729299999999999837e+00,6.794166285645261150e-01
2.729999999999999982e+00,6.794198654787929614e-01
2.730699999999999239e+00,6.794231024007704178e-01
2.731499999999999595e+00,6.792888526715048503e-01
2.732199999999999296e+00,6.790852063640847591e-01
2.732999999999999652e+00,6.787442096783509182e-01
2.733699999999999353e+00,6.781617816972576041e-01
2.734499999999999709e+00,6.780621635014739690e-01
2.735199999999999410e+00,6.778588094144947229e-01
2.735999999999999766e+00,6.777248044211600098e-01
2.736699999999999466e+00,6.771774712507103722e-01
2.737499999999999822e+00,6.761498134410325322e-01
2.738199999999999523e+00,6.749170740864379736e-01
2.738999999999999879e+00,6.738921572693109541e-01
2.739699999999999580e+00,6.736897990422350269e-01
2.740499999999999936e+00,6.744817572902652714e-01
2.741199999999999193e+00,6.758233293051526536e-01
2.741999999999999549e+00,6.773051049446345839e-01
2.742699999999999250e+00,6.783410970613570345e-01
2.743499999999999606e+00,6.789995300204056949e-01
2.744199999999999307e+00,6.792441132143114402e-01
2.744999999999999662e+00,6.793512680269613302e-01
2.745699999999999363e+00,6.792510473557800132e-01
2.746499999999999719e+00,6.791513005192375552e-01
2.747299999999999631e+00,6.790170902973056144e-01
2.747999999999999776e+00,6.788135042923892915e-01
2.748799999999999688e+00,6.788172001044898707e-01
2.749499999999999833e+00,6.785792042301039828e-01
2.750299999999999745e+00,6.783761838807544908e-01
2.750999999999999890e+00,6.780350011388344145e-01
2.751799999999999802e+00,6.775911605765907453e-01
2.752499999999999947e+00,6.769063358125169128e-01
2.753299999999999859e+00,6.760163834959252993e-01
2.753999999999999559e+00,6.752084114188692254e-01
2.754099999999999326e+00,6.750928200859575012e-01
2.754799999999999915e+00,6.747513470015276127e-01
2.755599999999999383e+00,6.753365062982015221e-01
2.756299999999999972e+00,6.764716011210178959e-01
2.757099999999999440e+00,6.774707952187181137e-01
2.757899999999999796e+00,6.781611558072379031e-01
2.758599999999999497e+00,6.782660970942018253e-01
2.759399999999999853e+00,6.780613035509800435e-01
2.760099999999999554e+00,6.774777109899615679e-01
2.760899999999999910e+00,6.769291392131143725e-01
2.761699999999999378e+00,6.763465553943869280e-01
2.762399999999999967e+00,6.762450739554822787e-01
2.763199999999999434e+00,6.765906060530986199e-01
2.763999999999999790e+00,6.770394565770914141e-01
2.764699999999999491e+00,6.774883152410926535e-01
2.765499999999999847e+00,6.777310827906116719e-01
2.766299999999999759e+00,6.776296661497920315e-01
2.766999999999999904e+00,6.776312801797443885e-01
2.767799999999999816e+00,6.778396614804937936e-01
2.768499999999999961e+00,6.778412760065088971e-01
2.769299999999999873e+00,6.777398460138697178e-01
2.770099999999999341e+00,6.776384280497832480e-01
2.770899999999999697e+00,6.775026080587107646e-01
2.771599999999999397e+00,6.775042217733977523e-01
2.772399999999999753e+00,6.777469950011207889e-01
2.773199999999999221e+00,6.780931439956107143e-01
2.773899999999999810e+00,6.781980778644759456e-01
2.774699999999999278e+00,6.780966049585498423e-01
2.775499999999999634e+00,6.778574213724147812e-01
2.776199999999999335e+00,6.775148262320068726e-01
2.776999999999999691e+00,6.773102112469954195e-01
2.777799999999999603e+00,6.772088439211065847e-01
2.778499999999999748e+00,6.773136681915249424e-01
2.779299999999999660e+00,6.773155118988812839e-01
2.780099999999999572e+00,6.775238170336618237e-01
2.780899999999999928e+00,6.774224240221194959e-01
2.781599999999999184e+00,6.775272750501828423e-01
2.782399999999999984e+00,6.778733362784147287e-01
2.783199999999999452e+00,6.781162172487050777e-01
2.783999999999999808e+00,6.781180631259104974e-01
2.784699999999999509e+00,6.778785892056481410e-01
2.785499999999999865e+00,6.775361543846387669e-01
2.786299999999999777e+00,6.770906603895625597e-01
2.787099999999999245e+00,6.769892591103288115e-01
2.787799999999999834e+00,6.773348189367205396e-01
2.788599999999999302e+00,6.778872945264710070e-01
2.789399999999999658e+00,6.785779498459979520e-01
2.790199999999999569e+00,6.790278040304492668e-01
2.790999999999999925e+00,6.793744213419159461e-01
2.791699999999999626e+00,6.794794633936906969e-01
2.792499999999999982e+00,6.793777768890613133e-01
2.793299999999999894e+00,6.793795665175940135e-01
2.794099999999999362e+00,6.793813561484836061e-01
2.794899999999999718e+00,6.793831457817308683e-01
2.795599999999999419e+00,6.797296856120039754e-01
2.796399999999999775e+00,6.798349959224815331e-01
2.797199999999999243e+00,6.799748330786306028e-01
2.797999999999999599e+00,6.800801740056222622e-01
2.798799999999999955e+00,6.798403683939019393e-01
2.799599999999999422e+00,6.796351301237664178e-01
2.800299999999999567e+00,6.790503867100277091e-01
2.801099999999999479e+00,6.785007226086275933e-01
2.801899999999999835e+00,6.778136959019999130e-01
2.802699999999999303e+00,6.775745280568675755e-01
2.803499999999999659e+00,6.775763129052781997e-01
2.804299999999999571e+00,6.783700631258006153e-01
2.804999999999999716e+00,6.788540561348967994e-01
2.805799999999999628e+00,6.793040614419599832e-01
2.806599999999999540e+00,6.794093194372871070e-01
2.807399999999999896e+00,6.795145905875964454e-01
2.808199999999999363e+00,6.794128987797984909e-01
2.808999999999999719e+00,6.795181704799944100e-01
2.809799999999999631e+00,6.795199604297295082e-01
2.810599999999999543e+00,6.796597467564898798e-01
2.811399999999999899e+00,6.796615370744414353e-01
2.812099999999999600e+00,6.796631036045837071e-01
2.812899999999999956e+00,6.795268965072205347e-01
2.813699999999999424e+00,6.795286864684486616e-01
2.814499999999999780e+00,6.795304764320337920e-01
2.814999999999999947e+00,6.795315951604719018e-01
2.815299999999999692e+00,6.795329376358133500e-01
2.816099999999999604e+00,6.795365175765397669e-01
2.816899999999999959e+00,6.795400975266960852e-01
2.817699999999999427e+00,6.794401915764833877e-01
2.818499999999999783e+00,6.793402971534593382e-01
2.819299999999999695e+00,6.792059297963884967e-01
2.820099999999999607e+00,6.792095079672334501e-01
2.820899999999999963e+00,6.795579974189277506e-01
2.821699999999999431e+00,6.798030999481519121e-01
2.822499999999999787e+00,6.800482736985153931e-01
2.823299999999999699e+00,6.802589912778181924e-01
2.824099999999999611e+00,6.800554388493657010e-01
2.824899999999999967e+00,6.799209580125907815e-01
2.825699999999999434e+00,6.798210064851716306e-01
2.826499999999999790e+00,6.799281217654034037e-01
2.827299999999999702e+00,6.799317036559620053e-01
2.828099999999999614e+00,6.802804934475180643e-01
2.828899999999999970e+00,6.803876674252243850e-01
2.829699999999999438e+00,6.803912517083658962e-01
2.830499999999999794e+00,6.802912446598019525e-01
2.831299999999999706e+00,6.800876824953072664e-01
2.832099999999999618e+00,6.798496574349356392e-01
2.832899999999999974e+00,6.795082022415761536e-01
2.833699999999999442e+00,6.794082976401869534e-01
2.834499999999999797e+00,6.792739166541479356e-01
2.835299999999999709e+00,6.792774950040711968e-01
2.836099999999999621e+00,6.792810733634196962e-01
2.836899999999999977e+00,6.792846517321933231e-01
2.837699999999999445e+00,6.795296800008500115e-01
2.838499999999999801e+00,6.797747794760621298e-01
2.839299999999999713e+00,6.799854331465090551e-01
2.840099999999999625e+00,6.803342503584958179e-01
2.840899999999999981e+00,6.805795835423527063e-01
2.841699999999999449e+00,6.807904381773258740e-01
2.842499999999999805e+00,6.807940244311253553e-01
2.843299999999999716e+00,6.805903390282008747e-01
2.844099999999999628e+00,6.802485818013664920e-01
2.844999999999999751e+00,6.800109553981690258e-01
2.845799999999999663e+00,6.799109904036894081e-01
2.845999999999999641e+00,6.798514890649671738e-01
2.846599999999999575e+00,6.796729259363992748e-01
2.847399999999999931e+00,6.798144221406007270e-01
2.848199999999999399e+00,6.800249760494532225e-01
2.848999999999999755e+00,6.799248970317960383e-01
2.849799999999999667e+00,6.799283667157047795e-01
2.850599999999999579e+00,6.796902681480954111e-01
2.851399999999999935e+00,6.794867317040140797e-01
2.852299999999999613e+00,6.793526565083979341e-01
2.853099999999999525e+00,6.792526553834314917e-01
2.853899999999999881e+00,6.794975674252397013e-01
2.854699999999999349e+00,6.796045332039319931e-01
2.855499999999999705e+00,6.799530884698072875e-01
2.856299999999999617e+00,6.801982039513658762e-01
2.857099999999999529e+00,6.804088555905869473e-01
2.857999999999999652e+00,6.805163715082116482e-01
2.858799999999999564e+00,6.805198441107588314e-01
2.859599999999999476e+00,6.805233167221659274e-01
2.860399999999999832e+00,6.806649575512102590e-01
2.861199999999999299e+00,6.806684308853900855e-01
2.861999999999999655e+00,6.807755461695408350e-01
2.862899999999999778e+00,6.807794542860309273e-01
2.863699999999999246e+00,6.806792851118198540e-01
2.864499999999999602e+00,6.804409725194121572e-01
2.865299999999999958e+00,6.804444446652271328e-01
2.866199999999999193e+00,6.802411581723478706e-01
2.866999999999999993e+00,6.801065281718625677e-01
2.867799999999999905e+00,6.801099985834091477e-01
2.868599999999999373e+00,6.800099068361061816e-01
2.869399999999999729e+00,6.797717795066441360e-01
2.870299999999999851e+00,6.796721605276149214e-01
2.871099999999999319e+00,6.797791504555478204e-01
2.871899999999999675e+00,6.801277845815550949e-01
2.872699999999999587e+00,6.804765624339758068e-01
2.873599999999999266e+00,6.805840888560282798e-01
2.874399999999999622e+00,6.807257421787991092e-01
2.875199999999999534e+00,6.805910344155280400e-01
2.875999999999999890e+00,6.801455708122644550e-01
2.876899999999999569e+00,6.800459074875131460e-01
2.877699999999999481e+00,6.799458219180820606e-01
2.877999999999999670e+00,6.799471229694606933e-01
2.878499999999999837e+00,6.799492913911906466e-01
2.879399999999999959e+00,6.800567512439558149e-01
2.880199999999999427e+00,6.801637910946201071e-01
2.880999999999999783e+00,6.803053750925551757e-01
2.881799999999999695e+00,6.804124466955193684e-01
2.882699999999999374e+00,6.805199660284186880e-01
2.883499999999999730e+00,6.805234383757708949e-01
2.884299999999999642e+00,6.805269107319817934e-01
2.885199999999999321e+00,6.805308171433083197e-01
2.885999999999999677e+00,6.806379178691438492e-01
2.886799999999999589e+00,6.805377619022391356e-01
2.887699999999999267e+00,6.804380514929038171e-01
2.888499999999999623e+00,6.803379186079410168e-01
2.889299999999999979e+00,6.803413899621897354e-01
2.890199999999999214e+00,6.804489011286380951e-01
2.890999999999999570e+00,6.805559920630259718e-01
2.891799999999999926e+00,6.804558449409027210e-01
2.892699999999999605e+00,6.804597508508711812e-01
2.893499999999999961e+00,6.804632227802542843e-01
2.894399999999999640e+00,6.802253948090151159e-01
2.895199999999999552e+00,6.802288655238210024e-01
2.895999999999999908e+00,6.802323362474813617e-01
2.896899999999999586e+00,6.802362408221824808e-01
2.897699999999999498e+00,6.802397115646580117e-01
2.898599999999999621e+00,6.801400341750689638e-01
2.899399999999999977e+00,6.801435044078603109e-01
2.900199999999999445e+00,6.800434042256601197e-01
2.901099999999999568e+00,6.801508786819371322e-01
2.901899999999999924e+00,6.801543489423941269e-01
2.902799999999999603e+00,6.802618377560848417e-01
2.903599999999999515e+00,6.804034419133686562e-01
2.904399999999999871e+00,6.806141565891972167e-01
2.905299999999999994e+00,6.808599121409834032e-01
2.906099999999999461e+00,6.808633859725395920e-01
2.906999999999999584e+00,6.808672940436327758e-01
2.907799999999999940e+00,6.807325579077936339e-01
2.908699999999999619e+00,6.806328218519593909e-01
2.909499999999999975e+00,6.806362944872222931e-01
2.909999999999999698e+00,6.806384648887600086e-01
2.910399999999999654e+00,6.806402012124819212e-01
2.911199999999999566e+00,6.806436738665697650e-01
2.912099999999999245e+00,6.805439476353766226e-01
2.912899999999999601e+00,6.804437988966640649e-01
2.913799999999999724e+00,6.802059701119618218e-01
2.914599999999999191e+00,6.801058605770291532e-01
2.915499999999999758e+00,6.801097641942136507e-01
2.916299999999999670e+00,6.802168151444735189e-01
2.917199999999999349e+00,6.805660827062509632e-01
2.917999999999999705e+00,6.807768412861296969e-01
2.918899999999999828e+00,6.807807487121926293e-01
2.919699999999999296e+00,6.806805713633521382e-01
2.920599999999999419e+00,6.803390653223106987e-01
2.921399999999999775e+00,6.799972619100583815e-01
2.922299999999999898e+00,6.798976092399532378e-01
2.923099999999999365e+00,6.796594961184203587e-01
2.923999999999999932e+00,6.799049803097001465e-01
2.924799999999999844e+00,6.802536889016932431e-01
2.925699999999999523e+00,6.804993459491487373e-01
2.926499999999999879e+00,6.806064475857314111e-01
2.927399999999999558e+00,6.807139970178716082e-01
2.928299999999999681e+00,6.806142602813094467e-01
2.929099999999999593e+00,6.808250336579428907e-01
2.929999999999999716e+00,6.809671707773590210e-01
2.930799999999999628e+00,6.811780323696592365e-01
2.931699999999999307e+00,6.811819419388509544e-01
2.932599999999999429e+00,6.811858515192620311e-01
2.933399999999999785e+00,6.810856249333332446e-01
2.934299999999999908e+00,6.810895339397528003e-01
2.935099999999999376e+00,6.810930086215432055e-01
2.935999999999999943e+00,6.810969176491513677e-01
2.936899999999999622e+00,6.809971352258411548e-01
2.937699999999999534e+00,6.810006094074435579e-01
2.938599999999999213e+00,6.806589671239847705e-01
2.939399999999999569e+00,6.804206362755887971e-01
2.940299999999999692e+00,6.804245413906788720e-01
2.941199999999999370e+00,6.805666129929578423e-01
2.941999999999999726e+00,6.807773777849520647e-01
2.942899999999999849e+00,6.807773777849521757e-01
2.943799999999999972e+00,6.808810431520142536e-01
2.944599999999999440e+00,6.810192832853869671e-01
2.945499999999999563e+00,6.811229781198792077e-01
2.946399999999999686e+00,6.813649818555503890e-01
2.947199999999999598e+00,6.813649818555503890e-01
2.948099999999999277e+00,6.813649818555503890e-01
2.948999999999999844e+00,6.811229781198792077e-01
2.949899999999999967e+00,6.810192832853869671e-01
2.950699999999999434e+00,6.808810431520143647e-01
2.951599999999999557e+00,6.807773777849520647e-01
2.952499999999999680e+00,6.807773777849520647e-01
2.953299999999999592e+00,6.807773777849520647e-01
2.954199999999999271e+00,6.807773777849520647e-01
2.955099999999999394e+00,6.806737250448657850e-01
2.955999999999999961e+00,6.806737250448657850e-01
2.956799999999999873e+00,6.806737250448657850e-01
2.957699999999999552e+00,6.808810431520143647e-01
2.958599999999999230e+00,6.808810431520143647e-01
2.959499999999999797e+00,6.810192832853869671e-01
2.960299999999999709e+00,6.810192832853869671e-01
2.961199999999999388e+00,6.808810431520143647e-01
2.962099999999999511e+00,6.808810431520143647e-01
2.962999999999999634e+00,6.808810431520143647e-01
2.963799999999999990e+00,6.808810431520143647e-01
2.964699999999999225e+00,6.807773777849520647e-01
2.965599999999999348e+00,6.807773777849520647e-01
2.966499999999999915e+00,6.806737250448657850e-01
2.967399999999999594e+00,6.807773777849520647e-01
2.968199999999999505e+00,6.807773777849520647e-01
2.969099999999999628e+00,6.806737250448657850e-01
2.969999999999999751e+00,6.805700849306016709e-01
2.970899999999999874e+00,6.804319177497569759e-01
2.971799999999999997e+00,6.805700849306016709e-01
2.972699999999999232e+00,6.806737250448657850e-01
2.973499999999999588e+00,6.806737250448657850e-01
2.974399999999999711e+00,6.807773777849520647e-01
2.974999999999999645e+00,6.807773777849520647e-01
2.975299999999999834e+00,6.807786406944762447e-01
2.976199999999999513e+00,6.806787759208451360e-01
2.977099999999999635e+00,6.805789226300210659e-01
2.977999999999999758e+00,6.804445404890585580e-01
2.978899999999999881e+00,6.805864978466227289e-01
2.979699999999999349e+00,6.806935077494891129e-01
2.980599999999999472e+00,6.809046212460905245e-01
2.981499999999999595e+00,6.810466563105392890e-01
2.982399999999999718e+00,6.811541460445997842e-01
2.983299999999999841e+00,6.811579367867852675e-01
2.984199999999999520e+00,6.810580268057764286e-01
2.985099999999999199e+00,6.810618169919482323e-01
2.985999999999999766e+00,6.809273576520029625e-01
2.986899999999999888e+00,6.810693973959311975e-01
2.987799999999999567e+00,6.810731876137421370e-01
2.988599999999999479e+00,6.811802602602767820e-01
2.989499999999999602e+00,6.811840510751262512e-01
2.990399999999999725e+00,6.809458838930361191e-01
2.991299999999999848e+00,6.809496733824765835e-01
2.992199999999999527e+00,6.808497864893641172e-01
2.993099999999999206e+00,6.807499110812660348e-01
2.993999999999999773e+00,6.805118637427111095e-01
2.994899999999999896e+00,6.803084165808246375e-01
2.995799999999999574e+00,6.803122024700637427e-01
2.996699999999999253e+00,6.803159883698371990e-01
2.997599999999999376e+00,6.803197742801447845e-01
2.998499999999999943e+00,6.801854290473363651e-01
2.999399999999999622e+00,6.803273461323618987e-01
3.000299999999999745e+00,6.804347463189890366e-01
3.001199999999999424e+00,6.806803498598527069e-01
3.002099999999999547e+00,6.806841377451078312e-01
3.002999999999999670e+00,6.806879256409023027e-01
3.003899999999999793e+00,6.806917135472364544e-01
3.004799999999999915e+00,6.807991606773383664e-01
3.005699999999999594e+00,6.809066215998825777e-01
3.006599999999999273e+00,6.810140963162384375e-01
3.007499999999999840e+00,6.812598695872074117e-01
3.007999999999999563e+00,6.812043541600422136e-01
3.008399999999999963e+00,6.811599443714306812e-01
3.009299999999999642e+00,6.813711811332612278e-01
3.010199999999999321e+00,6.812712427279269400e-01
3.011099999999999444e+00,6.811713158123312573e-01
3.011999999999999567e+00,6.811751063137242435e-01
3.012999999999999901e+00,6.811793179943083087e-01
3.013899999999999579e+00,6.810448351297024860e-01
3.014799999999999702e+00,6.811868990521703360e-01
3.015699999999999381e+00,6.810524146697738423e-01
3.016599999999999504e+00,6.809525124199394819e-01
3.017499999999999627e+00,6.810599942520225714e-01
3.018399999999999750e+00,6.810637840589633951e-01
3.019299999999999873e+00,6.810675738764484510e-01
3.020199999999999552e+00,6.810713637044774060e-01
3.021099999999999230e+00,6.810751535430513703e-01
3.022099999999999564e+00,6.810793644871666608e-01
3.022999999999999687e+00,6.810831543480003747e-01
3.023899999999999810e+00,6.810869442193785428e-01
3.024799999999999933e+00,6.809870368084134373e-01
3.025699999999999612e+00,6.809908261238620808e-01
3.026599999999999291e+00,6.808909296339337169e-01
3.027599999999999625e+00,6.807914655404077031e-01
3.028499999999999748e+00,6.805533959025014124e-01
3.029399999999999871e+00,6.804535498727500853e-01
3.030299999999999994e+00,6.804573361657977326e-01
3.031199999999999228e+00,6.804611224693796201e-01
3.032099999999999351e+00,6.805685434023688307e-01
3.033099999999999241e+00,6.806763989572520712e-01
3.033999999999999808e+00,6.808184040407959658e-01
3.034899999999999931e+00,6.808221923101565043e-01
3.035799999999999610e+00,6.806877614580864044e-01
3.036699999999999289e+00,6.808297688804961778e-01
3.037699999999999623e+00,6.806957573488566782e-01
3.038599999999999302e+00,6.808377664171464394e-01
3.039499999999999869e+00,6.808415547403753321e-01
3.040399999999999991e+00,6.808453430741437939e-01
3.040999999999999925e+00,6.809100765700029090e-01
3.041399999999999881e+00,6.809531854905362946e-01
3.042299999999999560e+00,6.807149551049631597e-01
3.043199999999999239e+00,6.808568567022497131e-01
3.044099999999999362e+00,6.806186526320844310e-01
3.045099999999999252e+00,6.806227366960462266e-01
3.045999999999999819e+00,6.807300684225550125e-01
3.046899999999999942e+00,6.808719731295398425e-01
3.047899999999999832e+00,6.810834447292352101e-01
3.048799999999999955e+00,6.809834229536406713e-01
3.049699999999999633e+00,6.808834126995737535e-01
3.050599999999999312e+00,6.807488581864831190e-01
3.051599999999999202e+00,6.806492834104719281e-01
3.052499999999999769e+00,6.806529591501955245e-01
3.053399999999999892e+00,6.807602955610542184e-01
3.054399999999999782e+00,6.807643803609716437e-01
3.055299999999999905e+00,6.810099834412686182e-01
3.056199999999999584e+00,6.811173655934914528e-01
3.057199999999999473e+00,6.811214525016218158e-01
3.058099999999999596e+00,6.812288490505602478e-01
3.058999999999999719e+00,6.810251027194076379e-01
3.059999999999999609e+00,6.809254948020115883e-01
3.060899999999999732e+00,6.809291719407019050e-01
3.061799999999999855e+00,6.809328490893208352e-01
3.062799999999999745e+00,6.811443394137403073e-01
3.063699999999999424e+00,6.811480177033379935e-01
3.064699999999999314e+00,6.811521047034279075e-01
3.065599999999999437e+00,6.811557830139921554e-01
3.066500000000000004e+00,6.810557504197208845e-01
3.067499999999999893e+00,6.809561379278047388e-01
3.068399999999999572e+00,6.807178988551859655e-01
3.069399999999999906e+00,6.808256538303387728e-01
3.070299999999999585e+00,6.809675782048552062e-01
3.071299999999999919e+00,6.810753653098198246e-01
3.072199999999999598e+00,6.812864846911999006e-01
3.073099999999999277e+00,6.812901636446555553e-01
3.074099999999999611e+00,6.814325754099258559e-01
3.074999999999999289e+00,6.812979303567924250e-01
3.075999999999999623e+00,6.811982886565439710e-01
3.076899999999999746e+00,6.812019670918060266e-01
3.077899999999999636e+00,6.811023362449056817e-01
3.078799999999999759e+00,6.812097327099736477e-01
3.079799999999999649e+00,6.812138198952093493e-01
3.080699999999999328e+00,6.812174983724047506e-01
3.081699999999999218e+00,6.814636489249087381e-01
3.082599999999999341e+00,6.815710917859371110e-01
3.083599999999999230e+00,6.818173454965508196e-01
3.084499999999999353e+00,6.819248335647791759e-01
3.085499999999999243e+00,6.820327446106312363e-01
3.086399999999999810e+00,6.820364274469518096e-01
3.087399999999999700e+00,6.816944992537000703e-01
3.088299999999999823e+00,6.814906343942678246e-01
3.089299999999999713e+00,6.812526487664801733e-01
3.090199999999999392e+00,6.811526016852680332e-01
3.091199999999999282e+00,6.811566883879607293e-01
3.092099999999999405e+00,6.811603664308663042e-01
3.093099999999999294e+00,6.811644531568521455e-01
3.094099999999999628e+00,6.811685398950971804e-01
3.094999999999999307e+00,6.811722179699999380e-01
3.095999999999999641e+00,6.812800340042707292e-01
3.096899999999999764e+00,6.811799828274041069e-01
3.097899999999999654e+00,6.810803517923578188e-01
3.098899999999999988e+00,6.810844379671882054e-01
3.099799999999999667e+00,6.809498431852402112e-01
3.100800000000000001e+00,6.808502384077200764e-01
3.101699999999999235e+00,6.807502366157919260e-01
3.102699999999999569e+00,6.810999655433327415e-01
3.103699999999999459e+00,6.812077732060114466e-01
3.104599999999999582e+00,6.815572826153710739e-01
3.105599999999999472e+00,6.814230213974931116e-01
3.106599999999999362e+00,6.815654605356735729e-01
3.107499999999999485e+00,6.815691406158161936e-01
3.108499999999999375e+00,6.815732296054050066e-01
3.108999999999999542e+00,6.816271622707155142e-01
3.109499999999999265e+00,6.816800760032698525e-01
3.110399999999999832e+00,6.817857089058848574e-01
3.111399999999999721e+00,6.819261642085130415e-01
3.112399999999999611e+00,6.819282097561655265e-01
3.113299999999999734e+00,6.816878463177193925e-01
3.114299999999999624e+00,6.816898911446717113e-01
3.115299999999999958e+00,6.817957300692609746e-01
3.116199999999999637e+00,6.820398067411118648e-01
3.117199999999999527e+00,6.820418526149251148e-01
3.118199999999999417e+00,6.820438984918069103e-01
3.119199999999999307e+00,6.819421195615656961e-01
3.120099999999999429e+00,6.818055467905067557e-01
3.121099999999999319e+00,6.816000127904949801e-01
3.122099999999999209e+00,6.812562033822381347e-01
3.122999999999999332e+00,6.812580425367821269e-01
3.123999999999999222e+00,6.812600860447427520e-01
3.124999999999999556e+00,6.813658718978732320e-01
3.125999999999999446e+00,6.814716710143691181e-01
3.126999999999999336e+00,6.814737151539342896e-01
3.127899999999999903e+00,6.814755548821643805e-01
3.128899999999999793e+00,6.814775990275544482e-01
3.129899999999999682e+00,6.816180048438978956e-01
3.130899999999999572e+00,6.816200494104464047e-01
3.131899999999999906e+00,6.817258806010222383e-01
3.132799999999999585e+00,6.817277209964811568e-01
3.133799999999999919e+00,6.817297658832376372e-01
3.134799999999999809e+00,6.818356109389490660e-01
3.135799999999999699e+00,6.816300678308588878e-01
3.136799999999999589e+00,6.814937478839152574e-01
3.137699999999999267e+00,6.813918287066166313e-01
3.138699999999999601e+00,6.813938725708222899e-01
3.139699999999999491e+00,6.813959164380931632e-01
3.140699999999999381e+00,6.813979603084293624e-01
3.141699999999999271e+00,6.812962566428659716e-01
3.142699999999999605e+00,6.811945649953884407e-01
3.142999999999999350e+00,6.812262972371900815e-01
3.143699999999999495e+00,6.813003029050809234e-01
3.144699999999999385e+00,6.813022880886276944e-01
3.145599999999999508e+00,6.812003386643030733e-01
3.146599999999999397e+00,6.809603211040263782e-01
3.147599999999999287e+00,6.810660125018537236e-01
3.148599999999999621e+00,6.810679969914457121e-01
3.149599999999999511e+00,6.812082782287536276e-01
3.150599999999999401e+00,6.814177509714534064e-01
3.151599999999999291e+00,6.816618702316111778e-01
3.152599999999999625e+00,6.815254854705320442e-01
3.153599999999999515e+00,6.815274712844702210e-01
3.154599999999999405e+00,6.814256930120462519e-01
3.155599999999999294e+00,6.813239267768632645e-01
3.156599999999999628e+00,6.815334287436439764e-01
3.157599999999999518e+00,6.815354145691547849e-01
3.158599999999999408e+00,6.817795685864399546e-01
3.159599999999999298e+00,6.818853628632943753e-01
3.160599999999999632e+00,6.817835416631642387e-01
3.161599999999999522e+00,6.815433579001286546e-01
3.162599999999999412e+00,6.814415772320795428e-01
3.163599999999999302e+00,6.813398086015599597e-01
3.164599999999999635e+00,6.812380520075232981e-01
3.165599999999999525e+00,6.809980211042112597e-01
3.166599999999999415e+00,6.808963050232527126e-01
3.167599999999999305e+00,6.807600411183274414e-01
3.168599999999999639e+00,6.809002729065048998e-01
3.169599999999999529e+00,6.811096719407441213e-01
3.170599999999999419e+00,6.813537053500112739e-01
3.171599999999999309e+00,6.818053937920787178e-01
3.172599999999999643e+00,6.821534684492532863e-01
3.173599999999999532e+00,6.822593101631438950e-01
3.174599999999999422e+00,6.822612980544655592e-01
3.175599999999999312e+00,6.821594312154224404e-01
3.176599999999999646e+00,6.819191395756970531e-01
3.177599999999999536e+00,6.818173132827234362e-01
3.177999999999999492e+00,6.817212269081781573e-01
3.178599999999999426e+00,6.815782429100220030e-01
3.179699999999999527e+00,6.817208730624205737e-01
3.180699999999999417e+00,6.819323524584611773e-01
3.181699999999999307e+00,6.820746562112259825e-01
3.182699999999999640e+00,6.821823660237412712e-01
3.183699999999999530e+00,6.820823846931018952e-01
3.184699999999999420e+00,6.819478062849217981e-01
3.185699999999999310e+00,6.818478519346359290e-01
3.186699999999999644e+00,6.817479090633008498e-01
3.187799999999999745e+00,6.816137687268990497e-01
3.188799999999999635e+00,6.817560199681029776e-01
3.189799999999999969e+00,6.818636899218689651e-01
3.190799999999999859e+00,6.818675528734876590e-01
3.191799999999999748e+00,6.819752372581373567e-01
3.192799999999999638e+00,6.819791008198149429e-01
3.193899999999999739e+00,6.819833507503004766e-01
3.194899999999999629e+00,6.819872143349603455e-01
3.195899999999999963e+00,6.819910779305643489e-01
3.196899999999999853e+00,6.819949415371121537e-01
3.197999999999999510e+00,6.818953664481568477e-01
3.198999999999999400e+00,6.816570187970527606e-01
3.199999999999999289e+00,6.816608804771839836e-01
3.200999999999999623e+00,6.818031414170215854e-01
3.201999999999999513e+00,6.819108186791921211e-01
3.203099999999999614e+00,6.820188961419789697e-01
3.204099999999999504e+00,6.822650758768302737e-01
3.205099999999999394e+00,6.822689409458526644e-01
3.206199999999999495e+00,6.821693331312572717e-01
3.207199999999999385e+00,6.819309068412789943e-01
3.208199999999999275e+00,6.816925466668567468e-01
3.209199999999999608e+00,6.813850778490589954e-01
3.210299999999999709e+00,6.812509903803475320e-01
3.211299999999999599e+00,6.812548496367452078e-01
3.212299999999999933e+00,6.812587089040736954e-01
3.213399999999999590e+00,6.815050567339537846e-01
3.213999999999999524e+00,6.815696394252996893e-01
3.214399999999999924e+00,6.816127414472223922e-01
3.215399999999999814e+00,6.816167130298529386e-01
3.216499999999999471e+00,6.815173005846569820e-01
3.217499999999999361e+00,6.814175024242699052e-01
3.218499999999999250e+00,6.816290250095394798e-01
3.219599999999999351e+00,6.816333938032530515e-01
3.220599999999999241e+00,6.817411617677242575e-01
3.221599999999999575e+00,6.819873760289880682e-01
3.222699999999999232e+00,6.818879199832836857e-01
3.223699999999999566e+00,6.816496776122568102e-01
3.224799999999999667e+00,6.814464866771563489e-01
3.225800000000000001e+00,6.812083665723022152e-01
3.226799999999999891e+00,6.812123356669208540e-01
3.227899999999999991e+00,6.813204476409862043e-01
3.228899999999999881e+00,6.814627657744435352e-01
3.229999999999999538e+00,6.815709100908379225e-01
3.230999999999999428e+00,6.815748812492441466e-01
3.232099999999999529e+00,6.817868434466615168e-01
3.233099999999999419e+00,6.819292406845608445e-01
3.234199999999999520e+00,6.817951854837217551e-01
3.235199999999999410e+00,6.817991579002591340e-01
3.236199999999999299e+00,6.816993245718706573e-01
3.237299999999999844e+00,6.817036935908651341e-01
3.238299999999999734e+00,6.817076654384640610e-01
3.239399999999999835e+00,6.817120344841869350e-01
3.240399999999999725e+00,6.816122107037528854e-01
3.241499999999999382e+00,6.816165791109847216e-01
3.242499999999999272e+00,6.818281568915682822e-01
3.243599999999999373e+00,6.817287164239100861e-01
3.244599999999999262e+00,6.817326883444039254e-01
3.245699999999999363e+00,6.817370574703114361e-01
3.246799999999999908e+00,6.817414266102193032e-01
3.247799999999999798e+00,6.815378109565455311e-01
3.248899999999999899e+00,6.815421787927951058e-01
3.248999999999999222e+00,6.815425758695119463e-01
3.249899999999999789e+00,6.815460502957173539e-01
3.250999999999999446e+00,6.815502968286620833e-01
3.251999999999999336e+00,6.815541573246371998e-01
3.253099999999999437e+00,6.816621945025264084e-01
3.254099999999999326e+00,6.815622644017736986e-01
3.255199999999999427e+00,6.815665109852310222e-01
3.256299999999999972e+00,6.816745500828793602e-01
3.257299999999999862e+00,6.817822169580256553e-01
3.258399999999999963e+00,6.818902838992210169e-01
3.259499999999999620e+00,6.817907128020770369e-01
3.260499999999999510e+00,6.818983948275623153e-01
3.261599999999999611e+00,6.820410909784855313e-01
3.262599999999999500e+00,6.820449541384847603e-01
3.263699999999999601e+00,6.819107544301731272e-01
3.264799999999999702e+00,6.819150030694401954e-01
3.265799999999999592e+00,6.820573163240025716e-01
3.266899999999999693e+00,6.819231141447940070e-01
3.267999999999999350e+00,6.818235381514448079e-01
3.268999999999999240e+00,6.817235873964702098e-01
3.270099999999999341e+00,6.817278348058417592e-01
3.271199999999999442e+00,6.816282809675763277e-01
3.272299999999999986e+00,6.814941448820727166e-01
3.273299999999999876e+00,6.814980048271374047e-01
3.274399999999999977e+00,6.813984771391959905e-01
3.275499999999999634e+00,6.812989608133098729e-01
3.276499999999999524e+00,6.814065818503568517e-01
3.277599999999999625e+00,6.816529897442237251e-01
3.278699999999999282e+00,6.819686915605099875e-01
3.279799999999999383e+00,6.822152633279698897e-01
3.280799999999999272e+00,6.824615204739996610e-01
3.281899999999999373e+00,6.825696768745533882e-01
3.282999999999999474e+00,6.824700242170469444e-01
3.284099999999999575e+00,6.824742761084381382e-01
3.284999999999999254e+00,6.824777549385189213e-01
3.285199999999999232e+00,6.824781310287886260e-01
3.286199999999999566e+00,6.823414888943917234e-01
3.287299999999999223e+00,6.823435569757335672e-01
3.288399999999999324e+00,6.823456250602094597e-01
3.289499999999999424e+00,6.821399495525953816e-01
3.290599999999999525e+00,6.820035489765603476e-01
3.291599999999999415e+00,6.821438965265148591e-01
3.292699999999999516e+00,6.821459639936011676e-01
3.293799999999999617e+00,6.823557775203659137e-01
3.294899999999999274e+00,6.826002807255900917e-01
3.295999999999999375e+00,6.827062717314535956e-01
3.297099999999999476e+00,6.827083408904652817e-01
3.298199999999999577e+00,6.827104100526124597e-01
3.299199999999999466e+00,6.825044576051644274e-01
3.300299999999999567e+00,6.825065261433947983e-01
3.301399999999999224e+00,6.823700662959445440e-01
3.302499999999999325e+00,6.825106632292597952e-01
3.303599999999999426e+00,6.825127317768940882e-01
3.304699999999999527e+00,6.822723882053373101e-01
3.305799999999999628e+00,6.822744560245427303e-01
3.306899999999999284e+00,6.821726533954495242e-01
3.307999999999999385e+00,6.820362462304094819e-01
3.309099999999999486e+00,6.820383133245224716e-01
3.310199999999999587e+00,6.820403804217681776e-01
3.311299999999999244e+00,6.820424475221459337e-01
3.312399999999999345e+00,6.819406721179633868e-01
3.313499999999999446e+00,6.815966875129494396e-01
3.314599999999999547e+00,6.815987532592097109e-01
3.315599999999999437e+00,6.814968425923583206e-01
3.316699999999999537e+00,6.814989080300388746e-01
3.317899999999999405e+00,6.816049505167725009e-01
3.318999999999999506e+00,6.816070162755540895e-01
3.320099999999999607e+00,6.816090820374663961e-01
3.321199999999999264e+00,6.817495544355128834e-01
3.321999999999999620e+00,6.819020721457513812e-01
3.322299999999999365e+00,6.819598370359135631e-01
3.323399999999999466e+00,6.822062978219584073e-01
3.324499999999999567e+00,6.822104329483884566e-01
3.325599999999999223e+00,6.823184449208882230e-01
3.326699999999999324e+00,6.822187032388445926e-01
3.327799999999999425e+00,6.822228384028711234e-01
3.328899999999999526e+00,6.820884882969532326e-01
3.329999999999999627e+00,6.820926226466419440e-01
3.331099999999999284e+00,6.819929065471707075e-01
3.332199999999999385e+00,6.817893760577795614e-01
3.333299999999999486e+00,6.817935085568841425e-01
3.334399999999999586e+00,6.817976410685125943e-01
3.335599999999999454e+00,6.818021492772998737e-01
3.336699999999999555e+00,6.819101101827115263e-01
3.337799999999999212e+00,6.821219393038641110e-01
3.338899999999999313e+00,6.820222188297128119e-01
3.339999999999999414e+00,6.821302082185258797e-01
3.341099999999999515e+00,6.821343426946515631e-01
3.342199999999999616e+00,6.821384771833067795e-01
3.343399999999999483e+00,6.822814838963856543e-01
3.344499999999999584e+00,6.823895069027595683e-01
3.345599999999999241e+00,6.823936428992495307e-01
3.346699999999999342e+00,6.822938899968511439e-01
3.347799999999999443e+00,6.820556656651169947e-01
3.348999999999999311e+00,6.818524919545720930e-01
3.350099999999999412e+00,6.817181962748942725e-01
3.351199999999999513e+00,6.817223281387905232e-01
3.352299999999999613e+00,6.816226522343045158e-01
3.353499999999999481e+00,6.816271590637639211e-01
3.354599999999999582e+00,6.816312903371903875e-01
3.355699999999999239e+00,6.817392313487551370e-01
3.356799999999999340e+00,6.819856366241515699e-01
3.357999999999999652e+00,6.821978648574186233e-01
3.358999999999999542e+00,6.824219882700182094e-01
3.359099999999999309e+00,6.824444038770369758e-01
3.360199999999999410e+00,6.825524493346400989e-01
3.361299999999999510e+00,6.825565861397995260e-01
3.362499999999999378e+00,6.824571884209038597e-01
3.363599999999999479e+00,6.824613246224990881e-01
3.364699999999999580e+00,6.822230490187333185e-01
3.365899999999999448e+00,6.822275596638732731e-01
3.366999999999999549e+00,6.821278234288609132e-01
3.368099999999999650e+00,6.822358292186910811e-01
3.369299999999999518e+00,6.822403399060800178e-01
3.370399999999999618e+00,6.823829916685482111e-01
3.371499999999999275e+00,6.825949462028945147e-01
3.372699999999999587e+00,6.825994592223589841e-01
3.373799999999999244e+00,6.827421719678408163e-01
3.374999999999999556e+00,6.825041914498261031e-01
3.376099999999999213e+00,6.825083277938553961e-01
3.377199999999999314e+00,6.824085577792017299e-01
3.378399999999999626e+00,6.824130694955024001e-01
3.379499999999999282e+00,6.824172052485468765e-01
3.380699999999999594e+00,6.824217169934339022e-01
3.381799999999999251e+00,6.824258527726818624e-01
3.382899999999999352e+00,6.822914620719650047e-01
3.384099999999999220e+00,6.820882240111270089e-01
3.385199999999999321e+00,6.821962264994829717e-01
3.386399999999999633e+00,6.823046188215932117e-01
3.387499999999999289e+00,6.825511960973172920e-01
3.388699999999999601e+00,6.827982214150067897e-01
3.389799999999999258e+00,6.829063151654440889e-01
3.390999999999999570e+00,6.830147991452141243e-01
3.392099999999999227e+00,6.829149686419980769e-01
3.393299999999999539e+00,6.829194835210952164e-01
3.394399999999999640e+00,6.828196637582124584e-01
3.395599999999999508e+00,6.826855855360497438e-01
3.395999999999999464e+00,6.826870899740880017e-01
3.396699999999999608e+00,6.826884063587312923e-01
3.397899999999999476e+00,6.826906630210727300e-01
3.398999999999999577e+00,6.828313255248095182e-01
3.400199999999999445e+00,6.828335826524277730e-01
3.401399999999999313e+00,6.826972449742053639e-01
3.402499999999999414e+00,6.826993135945998992e-01
3.403699999999999282e+00,6.824937189403800231e-01
3.404799999999999383e+00,6.823572470886135610e-01
3.405999999999999250e+00,6.822556121659422157e-01
3.407199999999999562e+00,6.825002989421725674e-01
3.408299999999999219e+00,6.827102209175994751e-01
3.409499999999999531e+00,6.827124776159950725e-01
3.410599999999999632e+00,6.827145462594674807e-01
3.411799999999999500e+00,6.826128686496645281e-01
3.412999999999999368e+00,6.825112030149771414e-01
3.414099999999999469e+00,6.825132710386111468e-01
3.415299999999999336e+00,6.825155270679672537e-01
3.416499999999999648e+00,6.826217061033715838e-01
3.417599999999999305e+00,6.827277104277219566e-01
3.418799999999999617e+00,6.827299671550228766e-01
3.419999999999999485e+00,6.827322238860539239e-01
3.421099999999999586e+00,6.827342925594419576e-01
3.422299999999999454e+00,6.826326119761647604e-01
3.423499999999999321e+00,6.827388060395311875e-01
3.424699999999999633e+00,6.826371247765964378e-01
3.425799999999999290e+00,6.826391931484460107e-01
3.426999999999999602e+00,6.825375235495914072e-01
3.428199999999999470e+00,6.822973340216619276e-01
3.429399999999999338e+00,6.822995892934472506e-01
3.430499999999999439e+00,6.823016566291913998e-01
3.431699999999999307e+00,6.823039119081207859e-01
3.432899999999999618e+00,6.825486159268990827e-01
3.432999999999999385e+00,6.825488039340708024e-01
3.434099999999999486e+00,6.825527279871062003e-01
3.435199999999999587e+00,6.826605809720891482e-01
3.436399999999999455e+00,6.825609328617204818e-01
3.437599999999999323e+00,6.824266597435935111e-01
3.438799999999999635e+00,6.824309397117734877e-01
3.439999999999999503e+00,6.825737753731625501e-01
3.441199999999999370e+00,6.827859332564072403e-01
3.442299999999999471e+00,6.830324471808439935e-01
3.443499999999999339e+00,6.832447201545008841e-01
3.444699999999999651e+00,6.832490051872354142e-01
3.445899999999999519e+00,6.830452983657763211e-01
3.447099999999999387e+00,6.829456045314665769e-01
3.448299999999999255e+00,6.826033849571430112e-01
3.449499999999999567e+00,6.824691033547570784e-01
3.450699999999999434e+00,6.824733834560315904e-01
3.451799999999999535e+00,6.827198090564048361e-01
3.452999999999999403e+00,6.829666633169607648e-01
3.454199999999999271e+00,6.830749279472744240e-01
3.455399999999999583e+00,6.830792117953617959e-01
3.456599999999999451e+00,6.830834956568815342e-01
3.457799999999999319e+00,6.830877795318344159e-01
3.458999999999999631e+00,6.828494536544412741e-01
3.460199999999999498e+00,6.827497808732339024e-01
3.461399999999999366e+00,6.826501194626507507e-01
3.462599999999999234e+00,6.824119142540578942e-01
3.463799999999999546e+00,6.823122915897859020e-01
3.464999999999999414e+00,6.823165705477214349e-01
3.466199999999999282e+00,6.823208495190742351e-01
3.467399999999999594e+00,6.823251285038439695e-01
3.468599999999999461e+00,6.824333123688225422e-01
3.469799999999999329e+00,6.824375920320331357e-01
3.470999999999999641e+00,6.825457905365174271e-01
3.471999999999999531e+00,6.825493574870342695e-01
3.472199999999999509e+00,6.825500896517143756e-01
3.473399999999999377e+00,6.826930625419368459e-01
3.474599999999999245e+00,6.825588756585055927e-01
3.475799999999999557e+00,6.825632686831063500e-01
3.477099999999999635e+00,6.824641055955243951e-01
3.478299999999999503e+00,6.827110043990102239e-01
3.479499999999999371e+00,6.827153983591301989e-01
3.480699999999999239e+00,6.825812070136132448e-01
3.481899999999999551e+00,6.827241863217895501e-01
3.483099999999999419e+00,6.827285803243292595e-01
3.484299999999999287e+00,6.825943863454153604e-01
3.485499999999999599e+00,6.828413248091157461e-01
3.486799999999999233e+00,6.828460857499366599e-01
3.487999999999999545e+00,6.829544509732845547e-01
3.489199999999999413e+00,6.829588463859030956e-01
3.490399999999999281e+00,6.829632418126658777e-01
3.491599999999999593e+00,6.829676372535724571e-01
3.492799999999999461e+00,6.831106833030303749e-01
3.494099999999999540e+00,6.831154460286509300e-01
3.495299999999999407e+00,6.832238465224775847e-01
3.496499999999999275e+00,6.831242387964938656e-01
3.497699999999999587e+00,6.831286352016360253e-01
3.498999999999999222e+00,6.831333979898376318e-01
3.500199999999999534e+00,6.827911963968963382e-01
3.501399999999999402e+00,6.825530541508351146e-01
3.502599999999999270e+00,6.824535230552061238e-01
3.503899999999999348e+00,6.823543692413058803e-01
3.505099999999999660e+00,6.823587606046329634e-01
3.506299999999999528e+00,6.825709909814969834e-01
3.507499999999999396e+00,6.828179281094014508e-01
3.508799999999999475e+00,6.830306401275190176e-01
3.509999999999999343e+00,6.831736991700047001e-01
3.511199999999999655e+00,6.830393187475166661e-01
3.512499999999999289e+00,6.830439586384021711e-01
3.513699999999999601e+00,6.831869076942204133e-01
3.514899999999999469e+00,6.830525246322091126e-01
3.516199999999999548e+00,6.829531784371921654e-01
3.517399999999999416e+00,6.830614475995406831e-01
3.518599999999999284e+00,6.830657306445616639e-01
3.519899999999999363e+00,6.832090411832045795e-01
3.521099999999999230e+00,6.832133251257099804e-01
3.522399999999999309e+00,6.835300612553671940e-01
3.523599999999999621e+00,6.834303021349952267e-01
3.524899999999999256e+00,6.834349445314319427e-01
3.526099999999999568e+00,6.833351960979444639e-01
3.527299999999999436e+00,6.832354590426148455e-01
3.528599999999999515e+00,6.832401000706604943e-01
3.529799999999999383e+00,6.831057063789544026e-01
3.531099999999999461e+00,6.830063522683411659e-01
3.532299999999999329e+00,6.830106348146075534e-01
3.533599999999999408e+00,6.827726671431891825e-01
3.534799999999999276e+00,6.827769481962554510e-01
3.536099999999999355e+00,6.827815860188894970e-01
3.537299999999999223e+00,6.829244939720880980e-01
3.538599999999999302e+00,6.831371167051542015e-01
3.539799999999999613e+00,6.832800849651721187e-01
3.541099999999999248e+00,6.832847261447806408e-01
3.542299999999999560e+00,6.832890103245637947e-01
3.543599999999999639e+00,6.833976821136799051e-01
3.544799999999999507e+00,6.832979357422491740e-01
3.546099999999999586e+00,6.834066089205658168e-01
3.547399999999999221e+00,6.833072182384792859e-01
3.548599999999999532e+00,6.830688073978423702e-01
3.548999999999999488e+00,6.830382363089364528e-01
3.549899999999999611e+00,6.829678494741148187e-01
3.551099999999999479e+00,6.827273921092301689e-01
3.552399999999999558e+00,6.825218234292150798e-01
3.553699999999999637e+00,6.825241413757990872e-01
3.554899999999999505e+00,6.827341697086980465e-01
3.556199999999999584e+00,6.827364883688705754e-01
3.557499999999999662e+00,6.828427710766578063e-01
3.558699999999999530e+00,6.827409473418070140e-01
3.559999999999999609e+00,6.827432660134882259e-01
3.561299999999999244e+00,6.826416322768437128e-01
3.562499999999999556e+00,6.826437722704166156e-01
3.563799999999999635e+00,6.827500436917475213e-01
3.565099999999999270e+00,6.828563284866925320e-01
3.566299999999999581e+00,6.828584691426852205e-01
3.567599999999999660e+00,6.828607881904632526e-01
3.568899999999999295e+00,6.827591401022841122e-01
3.570199999999999374e+00,6.827614588048576127e-01
3.571399999999999242e+00,6.827635991491892709e-01
3.572699999999999321e+00,6.830085299619531591e-01
3.573999999999999400e+00,6.831148475786255059e-01
3.575299999999999478e+00,6.834639204094296039e-01
3.576499999999999346e+00,6.835701166017921215e-01
3.577799999999999425e+00,6.836765047219329761e-01
3.579099999999999504e+00,6.835747594730685606e-01
3.580399999999999583e+00,6.834730261943032792e-01
3.581699999999999662e+00,6.833713048846060678e-01
3.582899999999999530e+00,6.832347431810961158e-01
3.584199999999999608e+00,6.832370634564246537e-01
3.585499999999999243e+00,6.832393837356927069e-01
3.586799999999999322e+00,6.833804093594546547e-01
3.587999999999999634e+00,6.833825515976448273e-01
3.588099999999999401e+00,6.833828997116677684e-01
3.589399999999999480e+00,6.833874252020357698e-01
3.590699999999999559e+00,6.832532430242930221e-01
3.591999999999999638e+00,6.830497469549002831e-01
3.593199999999999505e+00,6.828112940256689800e-01
3.594499999999999584e+00,6.828158156720216532e-01
3.595799999999999663e+00,6.826124224093879089e-01
3.597099999999999298e+00,6.827208945273521845e-01
3.598399999999999377e+00,6.827254155301620830e-01
3.599699999999999456e+00,6.828339024071458097e-01
3.600999999999999535e+00,6.829424033412249129e-01
3.602299999999999613e+00,6.830855853380675136e-01
3.603599999999999248e+00,6.832981416591948909e-01
3.604899999999999327e+00,6.834413841262174660e-01
3.606199999999999406e+00,6.832031669811899910e-01
3.607499999999999485e+00,6.833117159555009978e-01
3.608799999999999564e+00,6.831082022773256046e-01
3.610099999999999643e+00,6.831127257101072825e-01
3.611399999999999277e+00,6.831172491578655359e-01
3.612699999999999356e+00,6.831217726206006979e-01
3.613999999999999435e+00,6.831262960983124355e-01
3.615299999999999514e+00,6.831308195910006376e-01
3.616599999999999593e+00,6.831353430986658593e-01
3.617899999999999228e+00,6.828972078664704570e-01
3.619299999999999518e+00,6.827981013994078863e-01
3.620599999999999596e+00,6.829065995856615778e-01
3.621899999999999231e+00,6.828071439312484170e-01
3.623199999999999310e+00,6.828116652196225544e-01
3.624499999999999389e+00,6.828161865229656069e-01
3.625799999999999468e+00,6.828207078412776854e-01
3.627099999999999547e+00,6.830332025821064246e-01
3.627999999999999226e+00,6.831323389547796499e-01
3.628399999999999626e+00,6.831764033147185167e-01
3.629799999999999471e+00,6.832852989760133111e-01
3.631099999999999550e+00,6.835325969576564464e-01
3.632399999999999629e+00,6.835371229436582041e-01
3.633699999999999264e+00,6.836457172811255534e-01
3.634999999999999343e+00,6.835461749606140947e-01
3.636399999999999633e+00,6.835510491484165785e-01
3.637699999999999267e+00,6.835555751955082471e-01
3.638999999999999346e+00,6.834213594450655460e-01
3.640299999999999425e+00,6.833218423401212771e-01
3.641699999999999271e+00,6.833267148625000731e-01
3.642999999999999350e+00,6.833312393631212345e-01
3.644299999999999429e+00,6.833357638787213029e-01
3.645599999999999508e+00,6.833402884093005003e-01
3.646999999999999353e+00,6.832411278556379530e-01
3.648299999999999432e+00,6.831069596645055197e-01
3.649599999999999511e+00,6.831114826340436430e-01
3.650999999999999357e+00,6.831163535410609278e-01
3.652299999999999436e+00,6.832595714312569291e-01
3.653599999999999515e+00,6.832640953651810678e-01
3.654999999999999361e+00,6.833730046915298395e-01
3.656299999999999439e+00,6.832734912758010593e-01
3.657599999999999518e+00,6.830353074290639315e-01
3.658999999999999364e+00,6.828321958295932026e-01
3.660299999999999443e+00,6.826980895114083125e-01
3.661699999999999289e+00,6.828415856718196286e-01
3.662999999999999368e+00,6.829500934465595474e-01
3.664299999999999446e+00,6.831626280238479731e-01
3.665699999999999292e+00,6.830634856290999091e-01
3.666999999999999371e+00,6.829640066070882254e-01
3.667999999999999261e+00,6.828932055091599951e-01
3.668399999999999661e+00,6.828648527406324664e-01
3.669699999999999296e+00,6.827306296512511974e-01
3.671099999999999586e+00,6.827353788634314968e-01
3.672399999999999665e+00,6.829824163117036440e-01
3.673799999999999510e+00,6.830911722736934255e-01
3.675099999999999589e+00,6.833383137852462319e-01
3.676499999999999435e+00,6.833430671608311524e-01
3.677799999999999514e+00,6.835555923695613156e-01
3.679199999999999360e+00,6.836991172531828864e-01
3.680499999999999439e+00,6.837035333869277975e-01
3.681899999999999284e+00,6.837082892392184474e-01
3.683199999999999363e+00,6.838167997821918975e-01
3.684599999999999653e+00,6.837174612867757961e-01
3.685999999999999499e+00,6.838263130152715252e-01
3.687299999999999578e+00,6.837266333958549325e-01
3.688699999999999424e+00,6.834885451042906901e-01
3.689999999999999503e+00,6.833889041308842671e-01
3.691399999999999348e+00,6.832549355746887487e-01
3.692799999999999638e+00,6.832596881778316700e-01
3.694099999999999273e+00,6.832641013241215200e-01
3.695499999999999563e+00,6.834075788927415074e-01
3.696899999999999409e+00,6.836204636047149563e-01
3.698199999999999488e+00,6.836248790362664529e-01
3.699599999999999334e+00,6.837684182268425337e-01
3.700999999999999623e+00,6.837731743047974486e-01
3.702299999999999258e+00,6.837775906777092683e-01
3.703699999999999548e+00,6.837823467875644434e-01
3.705099999999999394e+00,6.835442389016973541e-01
3.706399999999999473e+00,6.834445896292447031e-01
3.707799999999999319e+00,6.834493433744478486e-01
3.708999999999999631e+00,6.834534180263516223e-01
3.709199999999999608e+00,6.834537575812253962e-01
3.710599999999999454e+00,6.834561344677023698e-01
3.711999999999999300e+00,6.833197760859290870e-01
3.713299999999999379e+00,6.832179457497967734e-01
3.714699999999999669e+00,6.831162971100313008e-01
3.716099999999999515e+00,6.831186728066734881e-01
3.717499999999999361e+00,6.832250739250338434e-01
3.718899999999999650e+00,6.833314884434875669e-01
3.720199999999999285e+00,6.833336951307866780e-01
3.721599999999999575e+00,6.834748101481222804e-01
3.722999999999999421e+00,6.834771870712067487e-01
3.724399999999999267e+00,6.834795639984243554e-01
3.725799999999999557e+00,6.835860107387844442e-01
3.727199999999999402e+00,6.836924708836621400e-01
3.728599999999999248e+00,6.835907653377299997e-01
3.729999999999999538e+00,6.835931426434034286e-01
3.731299999999999617e+00,6.834912789143804401e-01
3.732699999999999463e+00,6.834936558661015571e-01
3.734099999999999309e+00,6.834960328219557013e-01
3.735499999999999599e+00,6.837065670919953986e-01
3.736899999999999444e+00,6.839518599146240385e-01
3.738299999999999290e+00,6.841625070975209111e-01
3.739699999999999580e+00,6.845121147232966496e-01
3.741099999999999426e+00,6.846534264958075156e-01
3.742499999999999272e+00,6.846558074601046817e-01
3.743899999999999562e+00,6.844150717721567689e-01
3.745299999999999407e+00,6.841744034655926621e-01
3.746699999999999253e+00,6.838643922861955549e-01
3.748099999999999543e+00,6.836238781818043675e-01
3.749499999999999389e+00,6.835221796091366375e-01
3.749999999999999556e+00,6.835230285391804550e-01
3.750899999999999235e+00,6.835260119260881950e-01
3.752299999999999525e+00,6.837388198926594995e-01
3.753799999999999581e+00,6.837437937498319629e-01
3.755199999999999427e+00,6.836443446654465461e-01
3.756599999999999273e+00,6.836489862574959275e-01
3.757999999999999563e+00,6.836536278653019272e-01
3.759399999999999409e+00,6.836582694888653222e-01
3.760799999999999255e+00,6.836629111281851134e-01
3.762199999999999545e+00,6.837716476843208602e-01
3.763599999999999390e+00,6.839151039291061496e-01
3.765099999999999447e+00,6.839200789323383045e-01
3.766499999999999293e+00,6.839247222850139973e-01
3.767899999999999583e+00,6.839293656534519705e-01
3.769299999999999429e+00,6.837951913332810383e-01
3.770699999999999275e+00,6.836957345987670909e-01
3.772199999999999331e+00,6.835966206499998199e-01
3.773599999999999621e+00,6.836012617267136493e-01
3.774999999999999467e+00,6.834671376277999810e-01
3.776399999999999313e+00,6.833677179828394621e-01
3.777899999999999370e+00,6.833726888499414009e-01
3.779299999999999660e+00,6.832732797429122984e-01
3.780699999999999505e+00,6.832779185445396752e-01
3.782099999999999351e+00,6.832825573619136783e-01
3.783599999999999408e+00,6.834956417542278340e-01
3.784999999999999254e+00,6.835002820171102167e-01
3.786399999999999544e+00,6.836436951585949107e-01
3.787899999999999601e+00,6.837527631081560253e-01
3.789299999999999446e+00,6.838615136501684511e-01
3.790799999999999503e+00,6.838664879535876207e-01
3.791999999999999371e+00,6.840787253435314241e-01
3.792199999999999349e+00,6.841141034107751651e-01
3.793599999999999639e+00,6.841187477755596991e-01
3.795099999999999252e+00,6.841237238981804358e-01
3.796499999999999542e+00,6.842325227878907068e-01
3.797899999999999388e+00,6.843413357927590202e-01
3.799399999999999444e+00,6.842421448402736806e-01
3.800799999999999290e+00,6.842467899932244135e-01
3.802299999999999347e+00,6.841476095386761491e-01
3.803699999999999637e+00,6.840481085728856714e-01
3.805199999999999250e+00,6.840530840598514351e-01
3.806599999999999540e+00,6.839188850484981819e-01
3.808099999999999596e+00,6.839238595605684479e-01
3.809499999999999442e+00,6.839285024548227288e-01
3.810999999999999499e+00,6.838293574645049056e-01
3.812399999999999345e+00,6.838339996845812507e-01
3.813899999999999402e+00,6.838389735092909039e-01
3.815299999999999248e+00,6.838436157620070288e-01
3.816799999999999304e+00,6.838485896216877080e-01
3.818299999999999361e+00,6.838535634994566959e-01
3.819699999999999651e+00,6.838582058016942078e-01
3.821199999999999264e+00,6.838631797144341107e-01
3.822599999999999554e+00,6.838678220493112914e-01
3.824099999999999611e+00,6.838727959970217762e-01
3.825599999999999667e+00,6.838777699628211248e-01
3.826999999999999513e+00,6.835354118812975166e-01
3.828499999999999570e+00,6.834363099327910307e-01
3.829999999999999627e+00,6.831984902099732526e-01
3.831399999999999473e+00,6.830990952977999964e-01
3.832899999999999530e+00,6.832080969409333182e-01
3.833999999999999631e+00,6.832117408910347578e-01
3.834399999999999586e+00,6.832124034284607905e-01
3.835799999999999432e+00,6.834575185413641618e-01
3.837299999999999489e+00,6.836681706925751278e-01
3.838799999999999546e+00,6.838094633716004234e-01
3.840199999999999392e+00,6.838117842692175152e-01
3.841699999999999449e+00,6.839183913605696441e-01
3.843199999999999505e+00,6.839208784241129768e-01
3.844699999999999562e+00,6.840274993431606498e-01
3.846199999999999619e+00,6.839258525647659015e-01
3.847599999999999465e+00,6.839281738365944330e-01
3.849099999999999522e+00,6.839306609179245378e-01
3.850599999999999579e+00,6.839331480037769140e-01
3.852099999999999635e+00,6.840397708132971433e-01
3.853599999999999248e+00,6.840422582868774803e-01
3.855099999999999305e+00,6.840447457649805330e-01
3.856499999999999595e+00,6.840470674152908659e-01
3.857999999999999652e+00,6.839454176934982588e-01
3.859499999999999265e+00,6.840520423935078087e-01
3.860999999999999321e+00,6.840545298894007420e-01
3.862499999999999378e+00,6.841958882476653070e-01
3.863999999999999435e+00,6.844067255895407431e-01
3.865499999999999492e+00,6.844092143616331558e-01
3.866999999999999549e+00,6.843075213709856053e-01
3.868499999999999606e+00,6.843100097732833786e-01
3.869999999999999662e+00,6.843124981801054219e-01
3.871499999999999275e+00,6.844191694952519445e-01
3.872999999999999332e+00,6.843174750073227619e-01
3.874499999999999389e+00,6.843199634277179477e-01
3.875999999999999446e+00,6.843224518526376254e-01
3.877499999999999503e+00,6.840842644927820348e-01
3.878999999999999559e+00,6.838808501246760319e-01
3.880499999999999616e+00,6.836427843895407364e-01
3.881999999999999673e+00,6.837517430682407138e-01
3.883499999999999286e+00,6.837566000673728217e-01
3.884999999999999343e+00,6.839002820311864683e-01
3.886499999999999400e+00,6.841134212294374128e-01
3.887999999999999456e+00,6.842571640409172984e-01
3.889499999999999513e+00,6.842620245612310859e-01
3.891099999999999337e+00,6.842672091352601793e-01
3.892599999999999394e+00,6.843762492333508307e-01
3.894099999999999451e+00,6.843811105466200972e-01
3.895599999999999508e+00,6.842817908550207218e-01
3.897099999999999564e+00,6.841477621827916078e-01
3.898599999999999621e+00,6.842915120878420021e-01
3.900199999999999445e+00,6.841578054546820775e-01
3.901699999999999502e+00,6.841626651288353900e-01
3.903199999999999559e+00,6.840633696522984142e-01
3.904699999999999616e+00,6.841723845289207073e-01
3.906299999999999439e+00,6.839692675288832069e-01
3.907799999999999496e+00,6.840782705447837619e-01
3.909299999999999553e+00,6.841872877431376399e-01
3.910799999999999610e+00,6.841921475219984172e-01
3.912399999999999434e+00,6.841973313051401551e-01
3.913899999999999491e+00,6.843410914493319730e-01
3.915399999999999547e+00,6.843459522677191043e-01
3.916999999999999371e+00,6.843511371596930903e-01
3.918499999999999428e+00,6.842170946585179880e-01
3.918999999999999595e+00,6.842650133399093004e-01
3.919999999999999485e+00,6.843607852353893461e-01
3.921599999999999309e+00,6.843658523436039198e-01
3.923099999999999365e+00,6.842316964550331226e-01
3.924599999999999422e+00,6.840281273044402921e-01
3.926199999999999246e+00,6.838943399688915958e-01
3.927699999999999303e+00,6.838990870764160013e-01
3.929299999999999571e+00,6.841471598335269189e-01
3.930799999999999628e+00,6.843949885798755739e-01
3.932399999999999451e+00,6.845042548425344098e-01
3.933899999999999508e+00,6.847174436919383211e-01
3.935499999999999332e+00,6.845140741581620114e-01
3.936999999999999389e+00,6.845188254652013748e-01
3.938599999999999657e+00,6.841766028350271256e-01
3.940099999999999270e+00,6.838341996184295057e-01
3.941699999999999537e+00,6.836310374113351296e-01
3.943199999999999594e+00,6.833929155686644386e-01
3.944799999999999418e+00,6.833979752390261231e-01
3.946299999999999475e+00,6.832986524997366473e-01
3.947899999999999299e+00,6.834077784036517444e-01
3.949399999999999356e+00,6.835166022649069584e-01
3.950999999999999623e+00,6.837645680862320940e-01
3.952599999999999447e+00,6.838737546002553458e-01
3.954099999999999504e+00,6.841215087197987099e-01
3.955699999999999328e+00,6.841265736567492262e-01
3.957299999999999596e+00,6.842358073471348501e-01
3.958799999999999653e+00,6.844836678978021283e-01
3.960399999999999476e+00,6.845929479901011749e-01
3.961999999999999300e+00,6.845980163435069210e-01
3.962999999999999634e+00,6.846706669806505996e-01
3.963499999999999357e+00,6.847069946586702427e-01
3.965099999999999625e+00,6.847120638200592246e-01
3.966699999999999449e+00,6.847171330002119749e-01
3.968299999999999272e+00,6.845137568287618102e-01
3.969799999999999329e+00,6.843795714332965296e-01
3.971399999999999597e+00,6.841762743451983431e-01
3.972999999999999421e+00,6.840424574855790141e-01
3.974599999999999245e+00,6.839433741467075833e-01
3.976099999999999302e+00,6.839481210630037333e-01
3.977699999999999569e+00,6.840573334215288570e-01
3.979299999999999393e+00,6.840623976068421763e-01
3.980899999999999661e+00,6.839633113058499747e-01
3.982499999999999485e+00,6.840725260337053859e-01
3.984099999999999309e+00,6.839734382281271730e-01
3.985699999999999577e+00,6.842215446961033010e-01
3.987199999999999633e+00,6.843304765683203561e-01
3.988799999999999457e+00,6.843355426644126549e-01
3.990399999999999281e+00,6.843406087792571757e-01
3.991999999999999549e+00,6.846930514436905257e-01
3.993599999999999373e+00,6.846981201676377582e-01
3.995199999999999640e+00,6.845989595996785360e-01
3.996799999999999464e+00,6.842566856512858342e-01
3.998399999999999288e+00,6.841228527665554893e-01
3.999999999999999556e+00,6.839196104625927530e-01
4.001599999999999824e+00,6.840288211604020896e-01
4.003199999999999648e+00,6.840338848546512196e-01
4.004799999999999471e+00,6.841431105903569287e-01
4.006399999999999295e+00,6.841481750931711625e-01
4.006999999999999673e+00,6.842021605862458333e-01
4.007999999999999119e+00,6.842921441062607135e-01
4.009599999999999831e+00,6.844014036200514184e-01
4.011199999999999655e+00,6.844064699786730488e-01
4.012799999999999478e+00,6.845157445356951920e-01
4.014499999999999069e+00,6.844169194025525593e-01
4.016099999999999781e+00,6.843177887399216619e-01
4.017699999999999605e+00,6.844270522534038337e-01
4.019299999999999429e+00,6.844321187069575263e-01
4.020899999999999253e+00,6.846803664563109182e-01
4.022499999999999076e+00,6.847896772238967200e-01
4.024099999999999788e+00,6.847947463054867567e-01
4.025799999999999379e+00,6.845569158147652988e-01
4.027399999999999203e+00,6.845619831346816397e-01
4.028999999999999027e+00,6.844628344830754330e-01
4.030599999999999739e+00,6.843636970002020536e-01
4.032299999999999329e+00,6.843690794488095364e-01
4.033899999999999153e+00,6.844783509618938000e-01
4.035499999999999865e+00,6.844834176053122832e-01
4.037099999999999689e+00,6.843842770650128138e-01
4.038799999999999280e+00,6.843896595945491157e-01
4.040399999999999103e+00,6.844989343174325835e-01
4.041999999999999815e+00,6.845040010370314620e-01
4.043699999999999406e+00,6.847525913766778771e-01
4.045299999999999230e+00,6.847576599351775650e-01
4.046899999999999054e+00,6.847627285124361363e-01
4.048599999999999532e+00,6.847681138963271907e-01
4.050199999999999356e+00,6.847731825122757021e-01
4.050999999999999268e+00,6.846612540322459806e-01
4.051899999999999835e+00,6.845352884459654508e-01
4.053499999999999659e+00,6.842970939224715110e-01
4.055199999999999250e+00,6.844412907374383126e-01
4.056799999999999073e+00,6.844462442773509014e-01
4.058399999999999785e+00,6.845554152272934623e-01
4.060099999999999376e+00,6.845606792035294763e-01
4.061699999999999200e+00,6.846698651950083869e-01
4.063399999999999679e+00,6.845708975681156216e-01
4.064999999999999503e+00,6.845758519541547127e-01
4.066699999999999093e+00,6.844768947041472984e-01
4.068299999999999805e+00,6.844818483728969394e-01
4.069999999999999396e+00,6.843481675975804368e-01
4.071699999999999875e+00,6.843534298421031226e-01
4.073299999999999699e+00,6.842541877630516911e-01
4.074999999999999289e+00,6.842594492456555155e-01
4.076599999999999113e+00,6.841602175858959578e-01
4.078299999999999592e+00,6.841654783066668521e-01
4.079999999999999183e+00,6.841707390476629014e-01
4.081599999999999895e+00,6.842798763698348941e-01
4.083299999999999486e+00,6.843893374624019366e-01
4.084999999999999076e+00,6.843945998652082308e-01
4.086599999999999788e+00,6.846427379203803287e-01
4.088299999999999379e+00,6.847522464161769351e-01
4.089999999999999858e+00,6.848965246155459541e-01
4.091699999999999449e+00,6.847627767039138336e-01
4.093299999999999272e+00,6.845592517752795425e-01
4.094999999999999751e+00,6.843213505598946256e-01
4.095999999999999197e+00,6.843244456991014468e-01
4.096699999999999342e+00,6.843255054494603584e-01
4.098399999999998933e+00,6.842238857750860825e-01
4.099999999999999645e+00,6.844347078454127153e-01
4.101699999999999235e+00,6.847847296517045601e-01
4.103399999999998826e+00,6.849263241614370612e-01
4.105099999999999305e+00,6.849289000848275411e-01
4.106799999999999784e+00,6.847924558533741157e-01
4.108499999999999375e+00,6.844475783146302117e-01
4.110199999999999854e+00,6.844501524229951173e-01
4.111799999999999677e+00,6.843483659783957673e-01
4.113499999999999268e+00,6.845941150240234530e-01
4.115199999999999747e+00,6.849442042001406827e-01
4.116899999999998450e+00,6.850510624230533585e-01
4.118599999999999817e+00,6.852622421978322720e-01
4.120299999999999407e+00,6.852648193412385069e-01
4.121999999999999886e+00,6.851630876434084971e-01
4.123699999999999477e+00,6.849570840336408617e-01
4.125399999999999068e+00,6.848206341346935178e-01
4.127099999999999547e+00,6.847189546109142544e-01
4.128799999999999137e+00,6.844783165130702285e-01
4.130499999999999616e+00,6.843766772288933931e-01
4.132199999999999207e+00,6.842750498594954989e-01
4.133899999999998798e+00,6.842776232515433987e-01
4.135599999999999277e+00,6.843843985806624675e-01
4.137399999999998634e+00,6.844913388151285805e-01
4.139099999999999113e+00,6.848413894761076204e-01
4.140799999999999592e+00,6.849829955949526816e-01
4.141999999999999460e+00,6.850584277487680174e-01
4.142499999999999183e+00,6.850906512476744314e-01
4.144199999999999662e+00,6.849916295235907171e-01
4.145899999999998364e+00,6.849968961120840305e-01
4.147699999999999498e+00,6.850024725219675537e-01
4.149399999999999089e+00,6.847644416005335133e-01
4.151099999999999568e+00,6.845264760941706106e-01
4.152799999999999159e+00,6.843233093346818841e-01
4.154499999999999638e+00,6.844327799810575597e-01
4.156299999999999883e+00,6.845425745320599109e-01
4.157999999999999474e+00,6.845478375239667512e-01
4.159699999999999065e+00,6.847963402826747759e-01
4.161499999999999311e+00,6.848019148859145755e-01
4.163199999999999790e+00,6.848071798098085416e-01
4.164899999999998492e+00,6.848124447539413184e-01
4.166699999999999626e+00,6.848180194227300177e-01
4.168399999999998329e+00,6.848232844085314630e-01
4.170099999999999696e+00,6.851761710543869954e-01
4.171899999999999054e+00,6.851817486184814676e-01
4.173599999999999532e+00,6.851870163387486778e-01
4.175399999999998890e+00,6.852969104613073625e-01
4.177099999999999369e+00,6.853021790252500356e-01
4.178899999999998727e+00,6.855512159901793190e-01
4.180599999999999206e+00,6.855564864675119940e-01
4.182399999999998563e+00,6.855620669950052148e-01
4.184099999999999042e+00,6.853238733254565229e-01
4.185899999999998400e+00,6.851208216839855814e-01
4.186999999999999389e+00,6.848093337571754535e-01
4.187599999999999767e+00,6.846385103922112414e-01
4.189399999999999125e+00,6.843285028266181680e-01
4.191099999999999604e+00,6.837407216629222129e-01
4.192899999999998961e+00,6.828413592132416277e-01
4.194599999999999440e+00,6.817003590604765462e-01
4.196399999999998798e+00,6.803189879075518531e-01
4.198199999999999044e+00,6.788363116043769629e-01
4.199899999999998634e+00,6.773905253471582677e-01
4.201699999999999768e+00,6.760161401440112350e-01
4.203399999999998471e+00,6.746781809459141410e-01
4.205199999999999605e+00,6.731024975987605075e-01
4.206999999999999851e+00,6.713929085287748677e-01
4.208799999999999208e+00,6.692772146048089343e-01
4.210499999999999687e+00,6.667923865659811655e-01
4.212299999999999045e+00,6.641115857140033052e-01
4.214099999999999291e+00,6.614394100440230684e-01
4.215899999999998649e+00,6.586747623015632991e-01
4.217599999999999127e+00,6.562550622347443907e-01
4.219399999999998485e+00,6.538091250023154721e-01
4.221199999999999619e+00,6.518380898587503580e-01
4.222999999999999865e+00,6.501718290068818629e-01
4.224799999999999223e+00,6.488750669616568656e-01
4.226499999999999702e+00,6.477796701404469060e-01
4.228299999999999059e+00,6.471175910628973460e-01
4.230099999999999305e+00,6.464892424726438325e-01
4.231899999999998663e+00,6.460272230037681362e-01
4.233699999999999797e+00,6.455986205218876561e-01
4.233999999999999098e+00,6.455272088310787248e-01
4.235499999999999154e+00,6.451723398598429027e-01
4.237299999999999400e+00,6.447467018800441263e-01
4.239099999999999646e+00,6.446523739559925081e-01
4.240899999999999004e+00,6.450880174059927530e-01
4.242699999999999250e+00,6.462867400201101065e-01
4.244499999999999496e+00,6.479193800800961967e-01
4.246299999999999741e+00,6.500218953364516050e-01
4.248099999999999099e+00,6.527651500103791582e-01
4.249899999999998457e+00,6.558533515530272640e-01
4.251699999999999591e+00,6.589869427605115071e-01
4.253499999999999837e+00,6.617604379239393486e-01
4.255299999999999194e+00,6.637632282311056731e-01
4.257099999999999440e+00,6.645484509103303239e-01
4.258899999999998798e+00,6.640109043127662147e-01
4.260799999999999699e+00,6.623226207186372338e-01
4.262599999999999056e+00,6.594563255351871822e-01
4.264399999999998414e+00,6.563647430629454549e-01
4.266199999999999548e+00,6.538204610499529501e-01
4.267999999999999794e+00,6.527210421159735931e-01
4.269899999999998919e+00,6.529271223986270467e-01
4.271699999999999164e+00,6.542715580968254674e-01
4.273499999999999410e+00,6.554839572521654611e-01
4.275299999999999656e+00,6.561605626723088225e-01
4.277199999999999669e+00,6.564011159309733889e-01
4.278999999999999915e+00,6.565070335247156219e-01
4.280799999999999272e+00,6.561761862851387406e-01
4.280999999999999694e+00,6.561520046674482742e-01
4.282699999999999285e+00,6.559464893478605951e-01
4.284499999999999531e+00,6.558508659351145464e-01
4.286299999999999777e+00,6.567294298249573004e-01
4.288199999999999790e+00,6.586192918597765233e-01
4.289999999999999147e+00,6.618650152141938303e-01
4.291799999999999393e+00,6.650895772804691353e-01
4.293699999999999406e+00,6.679180566438251976e-01
4.295499999999999652e+00,6.689118780164035050e-01
4.297399999999998776e+00,6.689173798883979449e-01
4.299199999999999910e+00,6.693661521882898757e-01
4.301099999999999035e+00,6.712850841433916083e-01
4.302899999999998393e+00,6.742373315674620171e-01
4.304799999999999294e+00,6.762706634780916159e-01
4.306599999999999540e+00,6.758287106410079126e-01
4.308499999999999552e+00,6.731215958476712835e-01
4.310299999999999798e+00,6.699787394603804458e-01
4.312199999999999811e+00,6.678352700745876502e-01
4.314099999999999824e+00,6.672958647981201974e-01
4.315899999999999181e+00,6.674032063825795502e-01
4.317799999999999194e+00,6.674086956032064810e-01
4.319699999999999207e+00,6.672099098186538013e-01
4.321499999999999453e+00,6.670789519607066564e-01
4.323399999999998577e+00,6.676632624069926969e-01
4.325299999999999478e+00,6.692370108837349951e-01
4.327099999999999724e+00,6.711553989734246883e-01
4.327999999999999403e+00,6.720657831509918578e-01
4.328999999999999737e+00,6.730784204633645240e-01
4.330899999999998862e+00,6.748683706862947940e-01
4.332799999999999763e+00,6.763523435670959483e-01
4.334599999999999120e+00,6.773905834803641834e-01
4.336499999999999133e+00,6.781889273977633747e-01
4.338399999999999146e+00,6.784013531698764865e-01
4.340299999999999159e+00,6.784068163404406437e-01
4.342199999999999172e+00,6.782053119094011429e-01
4.343999999999999417e+00,6.784174552094045518e-01
4.345899999999998542e+00,6.794585308645174626e-01
4.347799999999999443e+00,6.809505973311877902e-01
4.349699999999999456e+00,6.820987289986412128e-01
4.351599999999999469e+00,6.826587893329412182e-01
4.353499999999999481e+00,6.829070252746649583e-01
4.355399999999998606e+00,6.825657734082388739e-01
4.357299999999999507e+00,6.823286259788672314e-01
4.359199999999999520e+00,6.823341205557102995e-01
4.361099999999999532e+00,6.828249798722612063e-01
4.362999999999999545e+00,6.831426469142261038e-01
4.364899999999998670e+00,6.836339742785491058e-01
4.366799999999999571e+00,6.840908547859624322e-01
4.368699999999999584e+00,6.847912584174911110e-01
4.370599999999999596e+00,6.861534529941426541e-01
4.372499999999999609e+00,6.886692877462050610e-01
4.374499999999999389e+00,6.923842554149375328e-01
4.375999999999999446e+00,6.949393965783189353e-01
4.376399999999998514e+00,6.956220169712000745e-01
4.378299999999999415e+00,6.961908620958555671e-01
4.380199999999999427e+00,6.932076665288349204e-01
4.382099999999999440e+00,6.874408218515251079e-01
4.383999999999999453e+00,6.812622769759872909e-01
4.385999999999999233e+00,6.777443915871878000e-01
4.387899999999998357e+00,6.775429236750194484e-01
4.389799999999999258e+00,6.793423474288672326e-01
4.391699999999999271e+00,6.816302955818721587e-01
4.393699999999999051e+00,6.832304893450966699e-01
4.395599999999999064e+00,6.837217671792641394e-01
4.397499999999999076e+00,6.837271601781025332e-01
4.399499999999999744e+00,6.835939812556106610e-01
4.401399999999998869e+00,6.832523296959189807e-01
4.403299999999999770e+00,6.829454978314224434e-01
4.405299999999999550e+00,6.827084064104642636e-01
4.407199999999999562e+00,6.827137913077849785e-01
4.409199999999999342e+00,6.830662888632652585e-01
4.411099999999999355e+00,6.836269008439103123e-01
4.413099999999999135e+00,6.839797780897345358e-01
4.414999999999999147e+00,6.843325180961763454e-01
4.416999999999999815e+00,6.843381997798281269e-01
4.418899999999998940e+00,6.844478301513851060e-01
4.420899999999998720e+00,6.845925106568366836e-01
4.422799999999999621e+00,6.847021743141455952e-01
4.424799999999999400e+00,6.847078589748414323e-01
4.424999999999999822e+00,6.846974515781137915e-01
4.426699999999999413e+00,6.846089936624963901e-01
4.428699999999999193e+00,6.843714381017683701e-01
4.430699999999999861e+00,6.842728947905788450e-01
4.432599999999999874e+00,6.843825177217867095e-01
4.434599999999999653e+00,6.846314449721674356e-01
4.436599999999999433e+00,6.848456817039880740e-01
4.438499999999999446e+00,6.849901476362167951e-01
4.440499999999999226e+00,6.851001485887392439e-01
4.442499999999999893e+00,6.853145043744800491e-01
4.444399999999999018e+00,6.854590507721460835e-01
4.446399999999998798e+00,6.854647414615910872e-01
4.448399999999998577e+00,6.853312885023823409e-01
4.450399999999998357e+00,6.850239848380004215e-01
4.452399999999999025e+00,6.847863097022698353e-01
4.454299999999999926e+00,6.846874327530428905e-01
4.456299999999999706e+00,6.849016867722260704e-01
4.458299999999999486e+00,6.850464486520093654e-01
4.460299999999999265e+00,6.851564584120296564e-01
4.462299999999999045e+00,6.851621464016426355e-01
4.464299999999999713e+00,6.850635100226697416e-01
4.466299999999999493e+00,6.850691971934363966e-01
4.468299999999999272e+00,6.851792105121415899e-01
4.470299999999999052e+00,6.852892382961006668e-01
4.472299999999999720e+00,6.855384380235883812e-01
4.473999999999999311e+00,6.858390621617782568e-01
4.474299999999999500e+00,6.858921074302548604e-01
4.476299999999999280e+00,6.861065542821538354e-01
4.478299999999999059e+00,6.860076954479219502e-01
4.480299999999999727e+00,6.859088476559882519e-01
4.482299999999999507e+00,6.857752081077700401e-01
4.484299999999999287e+00,6.857807871185102044e-01
4.486299999999999066e+00,6.856819645374955252e-01
4.488299999999999734e+00,6.855831529959711679e-01
4.490299999999999514e+00,6.854495626905854344e-01
4.492399999999999061e+00,6.853510559516453604e-01
4.494399999999998840e+00,6.853566313972364599e-01
4.496399999999998620e+00,6.853622068655061961e-01
4.498399999999998400e+00,6.853677823564543470e-01
4.500499999999999723e+00,6.856171753683659720e-01
4.502499999999999503e+00,6.857271486649609837e-01
4.504499999999999282e+00,6.857327270555421128e-01
4.506499999999999062e+00,6.857383054688130919e-01
4.508599999999999497e+00,6.858485739118985736e-01
4.510599999999999277e+00,6.857497412869534292e-01
4.512599999999999056e+00,6.857553197694288283e-01
4.514699999999999491e+00,6.856567762419499834e-01
4.516699999999999271e+00,6.855231712911801223e-01
4.518799999999999706e+00,6.853202933417543719e-01
4.520799999999999486e+00,6.852215197831630356e-01
4.522799999999999265e+00,6.850879812209684783e-01
4.523999999999999133e+00,6.851708155484639295e-01
4.524899999999998812e+00,6.852329466507275368e-01
4.526899999999998592e+00,6.853428718106185924e-01
4.528999999999999915e+00,6.854530901958570954e-01
4.530999999999999694e+00,6.857022349925823157e-01
4.533099999999999241e+00,6.858125005230243376e-01
4.535099999999999909e+00,6.857136696394382502e-01
4.537199999999999456e+00,6.854759513684705041e-01
4.539299999999999891e+00,6.853774371007372856e-01
4.541299999999999670e+00,6.853830122291607596e-01
4.543399999999998329e+00,6.855976203728689766e-01
4.545499999999999652e+00,6.859515158189951611e-01
4.547499999999999432e+00,6.862008094275496850e-01
4.549599999999999866e+00,6.862066702477727098e-01
4.551699999999999413e+00,6.862125310930241584e-01
4.553699999999999193e+00,6.858699626084657774e-01
4.555799999999999628e+00,6.857714021171668062e-01
4.557899999999999174e+00,6.855336635854502036e-01
4.559999999999999609e+00,6.854351407770811200e-01
4.561999999999999389e+00,6.855450947958974250e-01
4.564099999999999824e+00,6.855509498430359949e-01
4.566199999999999370e+00,6.855568049151773424e-01
4.568299999999999805e+00,6.856670540581781825e-01
4.570399999999998464e+00,6.858121231040461563e-01
4.572499999999999787e+00,6.855743702816200491e-01
4.573999999999999844e+00,6.856531201514790563e-01
4.574599999999999334e+00,6.856829490107843039e-01
4.576699999999999768e+00,6.855785525448925277e-01
4.578799999999999315e+00,6.854741687950288709e-01
4.580899999999998862e+00,6.856829490107840819e-01
4.582999999999999297e+00,6.856829490107844149e-01
4.585099999999999731e+00,6.855785525448928608e-01
4.587199999999999278e+00,6.855785525448927498e-01
4.589299999999999713e+00,6.855785525448927498e-01
4.591399999999998371e+00,6.854741687950288709e-01
4.593499999999999694e+00,6.854741687950290929e-01
4.595599999999999241e+00,6.856829490107844149e-01
4.597699999999999676e+00,6.856829490107843039e-01
4.599799999999999223e+00,6.856829490107844149e-01
4.601899999999998769e+00,6.856829490107840819e-01
4.604099999999999859e+00,6.855785525448928608e-01
4.606199999999999406e+00,6.854741687950288709e-01
4.608299999999999841e+00,6.855785525448928608e-01
4.610399999999998499e+00,6.855785525448927498e-01
4.612499999999999822e+00,6.855785525448925277e-01
4.614699999999999136e+00,6.855785525448927498e-01
4.616799999999999571e+00,6.854741687950286488e-01
4.618899999999999118e+00,6.855785525448927498e-01
4.621099999999999319e+00,6.854741687950288709e-01
4.623199999999999754e+00,6.855785525448927498e-01
4.623999999999999666e+00,6.855785525448927498e-01
4.625299999999999301e+00,6.855820377740311500e-01
4.627499999999999503e+00,6.854835506957569491e-01
4.629599999999999937e+00,6.853848065464113182e-01
4.631799999999999251e+00,6.851472124987728618e-01
4.633899999999998798e+00,6.852571842717062323e-01
4.636099999999999888e+00,6.851587331694509730e-01
4.638199999999999434e+00,6.854078560740397563e-01
4.640399999999998748e+00,6.857269238611409801e-01
4.642499999999999183e+00,6.860806601433975249e-01
4.644699999999999385e+00,6.863303222138349424e-01
4.646799999999999820e+00,6.863359581492164407e-01
4.648999999999999133e+00,6.860980985096108986e-01
4.651199999999999335e+00,6.857558836789823253e-01
4.653299999999999770e+00,6.853091701477185271e-01
4.655499999999999083e+00,6.852107113530515603e-01
4.657699999999999285e+00,6.854601209735566858e-01
4.659799999999999720e+00,6.856745336306055982e-01
4.661999999999999922e+00,6.860285215258329350e-01
4.664199999999999235e+00,6.860344230437424029e-01
4.666399999999998549e+00,6.860403245870353439e-01
4.668499999999999872e+00,6.861504149379468176e-01
4.670699999999999186e+00,6.859474142826881282e-01
4.672899999999998499e+00,6.860577611132360198e-01
4.675099999999999589e+00,6.860636627569095536e-01
4.675999999999999268e+00,6.860660770730013791e-01
4.677299999999999791e+00,6.860695644259668935e-01
4.679499999999999105e+00,6.860754661204077065e-01
4.681599999999999540e+00,6.863248649413131730e-01
4.683799999999999741e+00,6.861914646089033454e-01
4.685999999999999055e+00,6.863366726486068714e-01
4.688199999999999257e+00,6.863425765403422529e-01
4.690399999999998570e+00,6.863484804574707665e-01
4.692599999999999660e+00,6.864588809718266127e-01
4.694799999999999862e+00,6.865692960366147624e-01
4.696999999999999176e+00,6.865752018277813118e-01
4.699199999999999378e+00,6.865811076443485428e-01
4.701499999999999346e+00,6.863782687902454382e-01
4.703699999999999548e+00,6.863841728608837123e-01
4.705899999999998862e+00,6.861462884336200219e-01
4.708099999999999064e+00,6.860477299713052535e-01
4.710299999999999265e+00,6.859143690667279802e-01
4.712499999999999467e+00,6.860595322992402156e-01
4.714799999999999436e+00,6.861701649615352672e-01
4.716999999999999638e+00,6.861760670886514202e-01
4.719199999999999839e+00,6.862864469860811001e-01
4.721399999999999153e+00,6.862923500626273432e-01
4.723699999999999122e+00,6.861940419048710993e-01
4.725899999999998435e+00,6.861999441346756656e-01
4.727999999999999758e+00,6.861058577877989784e-01
4.728099999999999525e+00,6.861013777344887599e-01
4.730399999999998606e+00,6.861075473617309628e-01
4.732599999999999696e+00,6.861134487702665874e-01
4.734799999999999898e+00,6.861193502041824654e-01
4.737099999999999866e+00,6.861255199122304749e-01
4.739299999999999180e+00,6.861314213980594934e-01
4.741599999999999149e+00,6.862420653297621742e-01
4.743799999999999351e+00,6.862479677660969779e-01
4.746099999999999319e+00,6.862541385221325729e-01
4.748299999999999521e+00,6.862600410103885107e-01
4.750599999999999490e+00,6.860224499755803729e-01
4.752899999999998570e+00,6.861679038738437431e-01
4.755099999999999660e+00,6.860345190918798464e-01
4.757399999999998741e+00,6.860406877923197477e-01
4.759599999999999831e+00,6.860465883143441745e-01
4.761899999999998911e+00,6.860527570690458932e-01
4.764199999999999768e+00,6.858500311563943130e-01
4.766399999999999082e+00,6.857515007978401966e-01
4.768699999999999939e+00,6.857576668172310486e-01
4.770999999999999908e+00,6.858682639046869145e-01
4.773299999999999876e+00,6.860833330452293932e-01
4.775499999999999190e+00,6.864375200695471690e-01
4.777799999999999159e+00,6.863391904642179853e-01
4.779999999999999361e+00,6.863450933182283498e-01
4.780099999999999127e+00,6.863453565678835355e-01
4.782399999999999096e+00,6.862469205075628631e-01
4.784699999999999065e+00,6.862529743684867567e-01
4.786999999999999922e+00,6.861197245066851247e-01
4.789299999999999891e+00,6.861257771921295268e-01
4.791599999999999859e+00,6.861318299042711288e-01
4.793899999999998940e+00,6.861378826431098199e-01
4.796199999999999797e+00,6.859350148294182103e-01
4.798499999999999766e+00,6.858366236534303439e-01
4.800799999999999734e+00,6.859471167546031811e-01
4.803099999999999703e+00,6.860576244488756359e-01
4.805399999999998784e+00,6.861681467377599430e-01
4.807699999999999640e+00,6.861741996367813901e-01
4.809999999999999609e+00,6.863195686010148400e-01
4.812299999999999578e+00,6.863256227823691935e-01
4.814599999999999547e+00,6.863316769904259651e-01
4.816999999999999282e+00,6.864424991370116080e-01
4.819299999999999251e+00,6.865530726565308717e-01
4.821599999999999220e+00,6.864546095326582442e-01
4.823899999999999189e+00,6.865651849495220116e-01
4.826299999999999812e+00,6.864669833081107342e-01
4.828599999999999781e+00,6.865775606635824424e-01
4.830899999999998862e+00,6.863745836648842413e-01
4.832999999999999297e+00,6.863801116161711846e-01
4.833299999999999486e+00,6.863808867010674497e-01
4.835599999999999454e+00,6.861430169217342945e-01
4.837899999999998535e+00,6.861489571687443556e-01
4.840299999999999159e+00,6.859462253575178137e-01
4.842599999999999127e+00,6.859521638482850570e-01
4.844999999999999751e+00,6.861672946151964325e-01
4.847299999999999720e+00,6.861732349672964304e-01
4.849699999999999456e+00,6.861794336229897207e-01
4.851999999999999424e+00,6.860808978852923623e-01
4.854399999999999160e+00,6.860870956520217501e-01
4.856699999999999129e+00,6.861975131953481633e-01
4.859099999999999753e+00,6.862037119607008462e-01
4.861399999999998833e+00,6.862096524704364153e-01
4.863799999999999457e+00,6.862158512906187946e-01
4.866199999999999193e+00,6.862220501387992222e-01
4.868499999999999162e+00,6.864718330336730956e-01
4.870899999999998897e+00,6.865825601460323613e-01
4.873299999999999521e+00,6.869372773546571498e-01
4.875699999999999257e+00,6.870480656855633139e-01
4.877999999999999226e+00,6.871586100386668505e-01
4.880399999999998961e+00,6.871648172372653018e-01
4.882799999999999585e+00,6.870664258546695935e-01
4.885199999999999321e+00,6.870726321644931023e-01
4.886999999999999567e+00,6.869988450775186273e-01
4.887599999999999945e+00,6.869734750656574240e-01
4.889999999999999680e+00,6.868720023924671514e-01
4.892399999999998528e+00,6.867356899755757693e-01
4.894799999999999152e+00,6.868782068794985207e-01
4.897199999999999775e+00,6.868813091335225218e-01
4.899599999999999511e+00,6.868844113945519192e-01
4.901999999999999247e+00,6.868875136625873790e-01
4.904399999999998983e+00,6.867511981324028181e-01
4.906799999999999606e+00,6.866497508156473861e-01
4.909199999999999342e+00,6.866528520028442051e-01
4.911599999999999078e+00,6.866559531970440888e-01
4.913999999999999702e+00,6.866590543982470374e-01
4.916399999999998549e+00,6.867667064643339092e-01
4.918799999999999173e+00,6.869092297349899123e-01
4.921299999999999564e+00,6.869124613227250986e-01
4.923699999999999299e+00,6.866715884911254175e-01
4.926099999999999923e+00,6.865701496950884497e-01
4.928499999999999659e+00,6.864338829330577374e-01
4.930999999999999162e+00,6.864371122550343429e-01
4.933399999999998897e+00,6.864402124112783943e-01
4.935799999999999521e+00,6.865826820224428806e-01
4.938299999999999912e+00,6.866904544548426692e-01
4.940699999999999648e+00,6.866935557339550744e-01
4.940999999999999837e+00,6.866939433943363147e-01
4.943199999999999150e+00,6.866967345523129485e-01
4.945599999999999774e+00,6.865952356061607587e-01
4.947999999999999510e+00,6.864589074412661418e-01
4.950499999999999901e+00,6.863575630163213370e-01
4.952899999999998748e+00,6.862561035753464989e-01
4.955399999999999139e+00,6.863637765943130242e-01
4.957899999999998641e+00,6.863669467980014760e-01
4.960299999999999265e+00,6.867184296554382783e-01
4.962799999999999656e+00,6.870701840432759111e-01
4.965199999999999392e+00,6.874219561959276081e-01
4.967699999999999783e+00,6.875297770422058585e-01
4.970199999999999285e+00,6.875329525953808307e-01
4.972699999999999676e+00,6.874314814054428568e-01
4.975099999999999412e+00,6.871904022055976835e-01
4.977599999999999802e+00,6.871935761695761036e-01
4.980099999999999305e+00,6.870921444312511062e-01
4.982599999999999696e+00,6.870953179267432764e-01
4.984999999999999432e+00,6.869937705717539256e-01
4.987499999999999822e+00,6.868575042120300678e-01
4.989999999999999325e+00,6.868606766020959320e-01
4.992499999999999716e+00,6.870032896740388972e-01
4.994999999999999218e+00,6.871110585727098208e-01
4.995999999999999552e+00,6.871541699717014229e-01
4.997499999999999609e+00,6.872207456011463211e-01
4.999999999999999112e+00,6.873317167457887455e-01
5.002499999999999503e+00,6.874775843521510055e-01
5.004999999999999893e+00,6.873444149174828821e-01
5.007499999999999396e+00,6.872461380787980856e-01
5.009999999999999787e+00,6.873571132064729694e-01
5.012499999999999289e+00,6.872588344935405269e-01
5.014999999999999680e+00,6.871605666183848715e-01
5.017599999999999838e+00,6.870625634347149457e-01
5.020099999999999341e+00,6.869294558198695277e-01
5.022599999999999731e+00,6.869358009396416831e-01
5.025099999999999234e+00,6.868375685225492910e-01
5.027699999999999392e+00,6.866001993693683358e-01
5.030199999999999783e+00,6.867459439472436422e-01
5.032699999999999285e+00,6.869614355218653934e-01
5.035199999999999676e+00,6.872118537566651586e-01
5.037799999999999834e+00,6.872184552105166100e-01
5.040299999999999336e+00,6.872248027921983304e-01
5.042899999999998606e+00,6.871267901386298727e-01
5.045399999999998997e+00,6.867845117021400547e-01
5.047999999999999154e+00,6.866516971700675764e-01
5.050499999999999545e+00,6.865534944721489730e-01
5.050999999999999268e+00,6.865547627279888765e-01
5.053099999999999703e+00,6.865599942957102408e-01
5.055599999999999206e+00,6.868101848705456813e-01
5.058199999999999363e+00,6.870258322823815655e-01
5.060699999999999754e+00,6.871715393574282515e-01
5.063299999999999912e+00,6.872826442138688652e-01
5.065899999999999181e+00,6.872891281182682555e-01
5.068399999999998684e+00,6.871907387648616972e-01
5.070999999999999730e+00,6.871972217422293028e-01
5.073599999999999888e+00,6.873083306299430095e-01
5.076099999999999390e+00,6.872099384405044864e-01
5.078699999999999548e+00,6.869723394883028300e-01
5.081299999999999706e+00,6.867348053204402891e-01
5.083899999999998975e+00,6.866367262456184450e-01
5.086499999999999133e+00,6.866432038142626926e-01
5.089099999999999291e+00,6.867542409854877627e-01
5.091599999999999682e+00,6.868999042643879616e-01
5.094199999999999839e+00,6.869063842252711716e-01
5.096799999999999109e+00,6.867734277451020830e-01
5.099399999999998379e+00,6.869193442387317994e-01
5.101999999999999424e+00,6.869258242913092172e-01
5.104599999999999582e+00,6.869323043744512969e-01
5.106999999999999318e+00,6.869382860167874139e-01
5.107299999999999507e+00,6.869390206062382376e-01
5.109899999999998776e+00,6.871545941408370162e-01
5.112499999999999822e+00,6.870563516896016631e-01
5.115099999999999092e+00,6.870627191763575281e-01
5.117699999999999250e+00,6.871736995096368039e-01
5.120299999999999407e+00,6.873195728953045425e-01
5.122999999999999332e+00,6.874308322549728123e-01
5.125599999999999490e+00,6.876465323251419459e-01
5.128199999999998759e+00,6.876529051327718856e-01
5.130799999999999805e+00,6.877988617059924703e-01
5.133499999999999730e+00,6.876658959474688526e-01
5.136099999999999888e+00,6.874629317782350313e-01
5.138699999999999157e+00,6.872251383611391873e-01
5.141399999999999082e+00,6.867784835838141033e-01
5.143999999999999240e+00,6.865757260724815181e-01
5.146699999999999164e+00,6.864429456980821742e-01
5.149299999999999322e+00,6.866932528264385605e-01
5.151999999999999247e+00,6.869090148236218774e-01
5.154599999999999405e+00,6.872640862007668439e-01
5.157299999999999329e+00,6.875148806860851280e-01
5.159999999999999254e+00,6.875214969614777960e-01
5.162599999999999412e+00,6.876325402657216257e-01
5.163999999999999702e+00,6.875816952214524047e-01
5.165299999999999336e+00,6.875328917326137823e-01
5.167999999999999261e+00,6.874315393423733322e-01
5.170599999999999419e+00,6.871905649610474676e-01
5.173299999999999343e+00,6.871938714753194066e-01
5.175999999999999268e+00,6.873018103176857796e-01
5.178699999999999193e+00,6.873051173513182732e-01
5.181299999999999351e+00,6.874478328129668414e-01
5.183999999999999275e+00,6.876604803841976921e-01
5.186699999999999200e+00,6.877684786715070331e-01
5.189399999999999125e+00,6.875624205574296655e-01
5.192099999999999937e+00,6.873215301544792766e-01
5.194799999999999862e+00,6.869761007075326775e-01
5.197499999999999787e+00,6.867702311510250901e-01
5.200199999999998823e+00,6.867735355635977701e-01
5.202899999999998748e+00,6.867768399841203131e-01
5.205599999999999561e+00,6.866755745283404933e-01
5.208299999999999486e+00,6.866788784616252306e-01
5.210999999999999410e+00,6.866821824028580545e-01
5.213799999999999102e+00,6.868947642845595336e-01
5.216499999999999915e+00,6.871421496578873356e-01
5.219199999999998951e+00,6.872500834350372401e-01
5.220999999999999197e+00,6.872522878724599549e-01
5.221899999999998876e+00,6.872544543057851341e-01
5.224699999999998568e+00,6.872611943424118408e-01
5.227399999999998492e+00,6.872676936947451631e-01
5.230099999999999305e+00,6.873788371242295359e-01
5.232899999999998997e+00,6.873855782838957929e-01
5.235599999999999810e+00,6.875316266299730250e-01
5.238299999999999734e+00,6.875381284156424355e-01
5.241099999999999426e+00,6.874053204416415985e-01
5.243799999999999351e+00,6.875513728889536269e-01
5.246599999999999930e+00,6.876627954172724877e-01
5.249299999999999855e+00,6.878786982246799520e-01
5.252099999999999547e+00,6.880250737038133835e-01
5.254899999999999238e+00,6.878921899277700147e-01
5.257599999999999163e+00,6.878986949033197851e-01
5.260399999999998855e+00,6.875913478910333776e-01
5.263199999999998546e+00,6.873538731975287197e-01
5.265899999999998471e+00,6.871162224967634069e-01
5.268699999999999051e+00,6.869137419807124223e-01
5.271499999999999631e+00,6.866764516884467096e-01
5.274299999999999322e+00,6.868226220226700818e-01
5.276999999999999247e+00,6.870383159378727900e-01
5.278999999999999915e+00,6.871178551704941739e-01
5.279799999999999827e+00,6.871487103666649165e-01
5.282599999999999518e+00,6.873962427553079735e-01
5.285399999999999210e+00,6.872949627215082513e-01
5.288199999999998902e+00,6.869495882648313234e-01
5.290999999999999481e+00,6.868483602233377283e-01
5.293799999999999173e+00,6.868517278740554621e-01
5.296599999999999753e+00,6.870643027204017539e-01
5.299399999999998556e+00,6.871722946348283179e-01
5.302199999999999136e+00,6.874198354614208251e-01
5.304999999999999716e+00,6.876674480945124124e-01
5.307899999999999174e+00,6.876709401352759654e-01
5.310699999999998866e+00,6.876743117692536433e-01
5.313499999999999446e+00,6.875381058556253588e-01
5.316299999999999137e+00,6.874368080156985084e-01
5.319099999999999717e+00,6.873355219056342946e-01
5.321999999999999176e+00,6.873390122177569506e-01
5.324799999999999756e+00,6.873423821826978308e-01
5.327699999999999214e+00,6.874505306595752874e-01
5.330499999999999794e+00,6.874539011544613665e-01
5.333299999999999486e+00,6.874572716576102804e-01
5.336199999999998944e+00,6.874607625445817716e-01
5.336999999999999744e+00,6.873919508985918414e-01
5.338999999999999524e+00,6.872221919374104093e-01
5.341899999999998983e+00,6.870196876944761888e-01
5.344699999999998674e+00,6.865729933116879735e-01
5.347599999999999909e+00,6.860919277690037399e-01
5.350499999999999368e+00,6.859941685182506799e-01
5.353299999999999947e+00,6.861051665600728100e-01
5.356199999999998518e+00,6.863557774678047396e-01
5.359099999999999753e+00,6.867110325159526685e-01
5.361899999999998556e+00,6.868221252148880573e-01
5.364799999999999791e+00,6.870729483294595319e-01
5.367699999999998361e+00,6.872889624961713295e-01
5.370599999999999596e+00,6.876446083017213606e-01
5.373499999999999943e+00,6.880004026695262231e-01
5.376299999999999635e+00,6.882513410768428264e-01
5.379199999999999093e+00,6.883628700424390123e-01
5.382099999999999440e+00,6.883696274846440311e-01
5.384999999999999787e+00,6.882716103178998512e-01
5.387899999999999245e+00,6.882783667979109898e-01
5.390799999999999592e+00,6.881454408917963006e-01
5.393699999999999051e+00,6.882918798574206853e-01
5.396699999999999164e+00,6.880544351908312040e-01
5.396999999999999353e+00,6.880442985123361721e-01
5.399599999999999511e+00,6.879565547300826589e-01
5.402499999999999858e+00,6.878586968101171317e-01
5.405399999999998428e+00,6.876212509013872598e-01
5.408299999999999663e+00,6.875234299841378460e-01
5.411299999999999777e+00,6.871816677700328668e-01
5.414199999999999235e+00,6.868398035913567679e-01
5.417099999999999582e+00,6.864980740725639130e-01
5.420099999999999696e+00,6.864006140557070701e-01
5.422999999999999154e+00,6.866165792702457749e-01
5.425899999999998613e+00,6.872162037022263581e-01
5.428899999999998727e+00,6.877815814685019902e-01
5.431799999999999962e+00,6.881375605197681544e-01
5.434799999999999187e+00,6.882494292538797742e-01
5.437699999999998646e+00,6.879420462978382833e-01
5.440699999999998759e+00,6.878095175255474203e-01
5.443699999999998873e+00,6.878166200033861699e-01
5.446599999999999220e+00,6.879631212578533050e-01
5.449599999999999334e+00,6.880749678312295670e-01
5.452599999999999447e+00,6.878376909034076281e-01
5.455499999999999794e+00,6.874955565474378805e-01
5.455999999999999517e+00,6.873862523302789462e-01
5.458499999999999908e+00,6.868368866324369160e-01
5.461499999999999133e+00,6.861432714794780674e-01
5.464499999999999247e+00,6.860421894102608498e-01
5.467499999999999361e+00,6.861501242348914120e-01
5.470499999999999474e+00,6.866065722530168003e-01
5.473499999999999588e+00,6.868540359464664347e-01
5.476499999999999702e+00,6.870666949871316875e-01
5.479499999999999815e+00,6.872096410514785259e-01
5.482499999999999929e+00,6.874223889211878991e-01
5.485499999999999154e+00,6.876700895617022802e-01
5.488499999999999268e+00,6.878829523188836337e-01
5.491499999999999382e+00,6.878863873025160558e-01
5.494499999999999496e+00,6.878898222947252838e-01
5.497499999999999609e+00,6.877885349356414046e-01
5.500599999999999490e+00,6.880364571813158969e-01
5.503599999999999604e+00,6.881446460852200797e-01
5.506599999999999717e+00,6.886021625285222436e-01
5.509599999999999831e+00,6.888502062602228637e-01
5.512699999999998823e+00,6.889586132930995976e-01
5.515699999999998937e+00,6.887174161001787809e-01
5.516999999999999460e+00,6.885723823215651462e-01
5.518799999999999706e+00,6.883736688488782951e-01
5.521799999999999820e+00,6.879265772482006103e-01
5.524899999999998812e+00,6.877242321778391787e-01
5.527899999999998926e+00,6.878358171190275261e-01
5.530999999999999694e+00,6.879476459508682140e-01
5.533999999999999808e+00,6.881989397945922349e-01
5.537099999999999689e+00,6.879616155946414180e-01
5.540199999999998681e+00,6.877592600374441423e-01
5.543199999999998795e+00,6.871729437950092612e-01
5.546299999999999564e+00,6.866221118134919754e-01
5.549399999999998556e+00,6.863852173482342112e-01
5.552499999999999325e+00,6.864968557230978208e-01
5.555599999999999206e+00,6.867479544889519838e-01
5.558599999999999319e+00,6.872081712624850125e-01
5.561699999999999200e+00,6.874594805294620414e-01
5.564799999999999969e+00,6.876759614970534562e-01
5.567899999999998961e+00,6.875783566175844852e-01
5.570999999999999730e+00,6.872365368925182905e-01
5.574099999999999611e+00,6.867902462636789052e-01
5.577199999999998603e+00,6.864487368916222243e-01
5.577999999999999403e+00,6.864244257561649132e-01
5.580399999999999139e+00,6.863514078709147537e-01
5.583499999999999908e+00,6.868115327559254357e-01
5.586599999999999788e+00,6.871672540032285337e-01
5.589699999999998781e+00,6.875231240224608520e-01
5.592799999999999550e+00,6.875301038366474771e-01
5.595999999999999197e+00,6.876420067673513215e-01
5.599099999999999966e+00,6.875442887294819228e-01
5.602199999999998958e+00,6.875512686511009441e-01
5.605399999999998606e+00,6.874537853751265803e-01
5.608499999999999375e+00,6.873211982012424892e-01
5.611699999999999022e+00,6.871190919852833145e-01
5.614799999999999791e+00,6.872307165579184529e-01
5.617999999999999439e+00,6.872379181676930848e-01
5.621099999999999319e+00,6.873495587839617560e-01
5.624299999999999855e+00,6.872520964472065286e-01
5.627499999999999503e+00,6.871546447051832818e-01
5.630599999999999383e+00,6.865688188218465049e-01
5.633799999999999919e+00,6.860184504162192276e-01
5.636999999999999567e+00,6.853291876379300485e-01
5.639999999999999680e+00,6.850096501643041513e-01
5.640199999999999214e+00,6.849881239918919063e-01
5.643299999999999983e+00,6.853395643777558943e-01
5.646499999999999631e+00,6.856912601731653956e-01
5.649699999999998390e+00,6.861476202467862162e-01
5.652899999999998926e+00,6.863950870554472727e-01
5.656099999999999461e+00,6.866077644319156237e-01
5.659299999999999109e+00,6.869599834575949027e-01
5.662499999999999645e+00,6.872076861867890685e-01
5.665699999999998404e+00,6.872112295021373107e-01
5.668899999999998940e+00,6.867265158318321960e-01
5.672099999999999476e+00,6.866254657248955784e-01
5.675399999999998890e+00,6.864199719175553271e-01
5.678599999999999426e+00,6.864235111345834417e-01
5.681799999999999962e+00,6.864270503607355911e-01
5.684999999999999609e+00,6.864305895960117754e-01
5.688299999999999912e+00,6.865388076076521795e-01
5.691499999999999559e+00,6.867515230411448401e-01
5.694799999999999862e+00,6.871039157945770803e-01
5.697999999999999510e+00,6.874563431627539467e-01
5.701299999999999812e+00,6.874599984244796902e-01
5.702999999999999403e+00,6.872765173211011769e-01
5.704499999999999460e+00,6.871163152429132781e-01
5.707799999999999763e+00,6.863217060205207831e-01
5.710999999999999410e+00,6.856668888596578748e-01
5.714299999999999713e+00,6.854304505920438828e-01
5.717599999999999127e+00,6.855421876053099384e-01
5.720799999999999663e+00,6.858975128466262561e-01
5.724099999999999966e+00,6.863577559788783811e-01
5.727399999999998492e+00,6.867136436896684737e-01
5.730699999999998795e+00,6.867209460083397721e-01
5.733899999999998442e+00,6.865188522265454063e-01
5.737199999999998745e+00,6.865261523974077740e-01
5.740499999999999936e+00,6.863940280581157793e-01
5.743799999999999351e+00,6.862967721666778376e-01
5.747099999999999653e+00,6.864086256287593724e-01
5.750399999999999068e+00,6.865553534689901038e-01
5.753699999999998482e+00,6.866672415616693614e-01
5.757099999999999440e+00,6.864307434557999077e-01
5.760399999999998855e+00,6.858805349754313330e-01
5.763699999999999157e+00,6.855395661816611197e-01
5.765999999999999126e+00,6.856174539035997384e-01
5.766999999999999460e+00,6.856501985161176371e-01
5.770299999999999763e+00,6.861066164838294235e-01
5.773699999999998944e+00,6.868074479002853616e-01
5.776999999999999247e+00,6.871598224680602884e-01
5.780299999999999550e+00,6.874076503813086880e-01
5.783699999999998731e+00,6.874113568686536224e-01
5.786999999999999922e+00,6.877639809872433396e-01
5.790399999999999103e+00,6.879771745278798756e-01
5.793699999999998518e+00,6.880855372167363759e-01
5.797099999999999476e+00,6.880892473198115811e-01
5.800499999999999545e+00,6.882326618102764249e-01
5.803799999999999848e+00,6.882362635430625541e-01
5.807199999999999029e+00,6.879955040601928307e-01
5.810599999999999987e+00,6.871964386127850100e-01
5.813999999999999169e+00,6.861541667191513039e-01
5.817299999999999471e+00,6.849042600241331824e-01
5.820699999999998653e+00,6.841080625233183499e-01
5.824099999999999611e+00,6.841117511011940433e-01
5.827499999999999680e+00,6.849153386963211521e-01
5.829999999999999183e+00,6.855066946461695343e-01
5.830899999999998862e+00,6.857206616585714842e-01
5.834299999999999820e+00,6.866689179429783518e-01
5.837699999999999001e+00,6.872343635053893562e-01
5.841099999999999959e+00,6.874860338159110018e-01
5.844499999999999140e+00,6.875981522865721729e-01
5.847999999999999865e+00,6.873614902550483352e-01
5.851399999999999046e+00,6.870200265235928416e-01
5.854799999999999116e+00,6.864695222862299273e-01
5.858199999999999186e+00,6.857800361909702769e-01
5.861699999999999022e+00,6.853349696069940267e-01
5.865099999999999980e+00,6.851335092482421230e-01
5.868499999999999162e+00,6.850016902414544084e-01
5.871999999999999886e+00,6.848005237451932903e-01
5.875399999999999068e+00,6.842166627587522587e-01
5.878899999999998904e+00,6.835291902531708264e-01
5.882399999999998741e+00,6.834325648184278457e-01
5.885799999999999699e+00,6.836831189445949919e-01
5.889299999999999535e+00,6.842468249927872170e-01
5.892799999999999372e+00,6.850544814140129279e-01
5.893999999999999240e+00,6.854256560731415426e-01
5.896199999999998553e+00,6.861064171951897217e-01
5.899699999999998390e+00,6.869156054090190811e-01
5.903199999999999115e+00,6.877255603556491348e-01
5.906699999999998951e+00,6.879773717367768660e-01
5.910199999999998788e+00,6.878451039644667420e-01
5.913699999999998624e+00,6.875034214830598733e-01
5.917199999999998461e+00,6.873014353638187135e-01
5.920699999999999186e+00,6.867158439791490876e-01
5.924199999999999022e+00,6.861654958903109502e-01
5.927699999999998859e+00,6.851280856705738165e-01
5.931199999999998695e+00,6.841266900294480369e-01
5.934699999999998532e+00,6.836474811001361784e-01
5.938199999999999257e+00,6.842457186254257140e-01
5.941799999999999748e+00,6.855059304989478131e-01
5.945299999999999585e+00,6.867677928438585822e-01
5.948799999999999422e+00,6.873682240490057715e-01
5.952399999999999025e+00,6.875852414118055478e-01
5.955899999999998862e+00,6.871389829679181993e-01
5.959499999999999353e+00,6.864491132361028036e-01
5.959999999999999964e+00,6.863356372568061303e-01
5.962999999999999190e+00,6.856519325434716761e-01
5.966599999999999682e+00,6.853423374034323112e-01
5.970099999999999518e+00,6.852067768121851143e-01
5.973699999999999122e+00,6.855587347507747786e-01
5.977299999999999613e+00,6.856670069618018282e-01
5.980899999999999217e+00,6.854618578956488406e-01
5.984399999999999054e+00,6.852218413613108128e-01
5.987999999999999545e+00,6.852256338613088582e-01
5.991599999999999149e+00,6.859259180113793652e-01
5.995199999999998752e+00,6.870801700569907355e-01
5.998799999999999244e+00,6.878867224627512877e-01
6.002399999999998847e+00,6.879952920177745401e-01
6.005999999999999339e+00,6.875452192947457686e-01
6.009599999999999831e+00,6.870953811350366536e-01
6.013199999999998546e+00,6.865063159260449410e-01
6.016799999999999926e+00,6.865101154511121795e-01
6.020499999999999297e+00,6.870022404957030204e-01
6.024099999999999788e+00,6.875643515841537434e-01
6.025999999999999801e+00,6.878058855181621301e-01
6.027699999999998504e+00,6.880220257576935561e-01
6.031399999999998762e+00,6.880258809908642581e-01
6.034999999999999254e+00,6.875757313759025546e-01
6.038599999999999746e+00,6.863237675242227498e-01
6.042300000000000004e+00,6.848301311916131784e-01
6.045899999999998720e+00,6.833389896159504096e-01
6.049599999999999866e+00,6.835859936332288056e-01
6.053299999999999237e+00,6.849459317608016518e-01
6.056899999999998840e+00,6.862382254521813829e-01
6.060599999999999987e+00,6.864512099817796642e-01
6.064299999999999358e+00,6.861065170578962702e-01
6.067999999999999616e+00,6.853092539201112166e-01
6.071599999999999220e+00,6.849649140220689381e-01
6.075299999999999478e+00,6.854561007875156209e-01
6.078999999999999737e+00,6.865749295329323099e-01
6.082699999999999108e+00,6.876254009386548738e-01
6.086399999999998478e+00,6.882229106178272549e-01
6.090099999999999625e+00,6.882267668052268750e-01
6.092999999999999972e+00,6.880381489825272423e-01
6.093799999999999883e+00,6.879869571758919777e-01
6.097599999999999909e+00,6.871919993760734480e-01
6.101299999999999280e+00,6.862929939159887471e-01
6.104999999999999538e+00,6.850120077622323667e-01
6.108699999999998909e+00,6.842195818635616877e-01
6.112499999999999822e+00,6.842274563913189889e-01
6.116199999999999193e+00,6.853833558077202515e-01
6.119999999999999218e+00,6.867851222421316182e-01
6.123699999999998589e+00,6.878048088270041216e-01
6.127499999999999503e+00,6.881619672214033256e-01
6.131199999999998873e+00,6.883094168781255240e-01
6.134999999999999787e+00,6.881775982013283999e-01
6.138699999999999157e+00,6.880805182679772258e-01
6.142499999999999183e+00,6.881932293587728067e-01
6.146299999999999208e+00,6.882011492129689323e-01
6.150099999999999234e+00,6.879994920788100599e-01
6.153799999999999493e+00,6.877627565108934693e-01
6.157599999999999518e+00,6.876659293085950475e-01
6.159999999999999254e+00,6.878032360950641078e-01
6.161399999999998656e+00,6.878832574869544469e-01
6.165199999999998681e+00,6.883799793186127225e-01
6.168999999999998707e+00,6.885973454255782666e-01
6.172799999999999621e+00,6.883953635951400862e-01
6.176699999999998525e+00,6.879142064647387755e-01
6.180499999999998550e+00,6.874680175946908944e-01
6.184299999999999464e+00,6.875804197839555654e-01
6.188099999999999490e+00,6.879372669400296569e-01
6.191999999999999282e+00,6.887487813172483708e-01
6.195799999999999308e+00,6.893509502677528378e-01
6.199599999999999334e+00,6.894636036599557372e-01
6.203499999999999126e+00,6.893665582531892655e-01
6.207299999999999152e+00,6.892693205933489997e-01
6.211199999999998944e+00,6.890324108790444324e-01
6.214999999999998970e+00,6.889352096191098118e-01
6.218899999999998762e+00,6.889431099496664546e-01
6.222799999999999443e+00,6.889510103255208628e-01
6.226699999999999235e+00,6.887141850036971880e-01
6.228999999999999204e+00,6.885919061559333532e-01
6.230499999999999261e+00,6.885106499272094505e-01
6.234399999999999054e+00,6.885145975669150209e-01
6.238299999999999734e+00,6.885185452179374277e-01
6.242199999999998639e+00,6.887322079353371818e-01
6.246099999999999319e+00,6.890857974637492056e-01
6.249999999999999112e+00,6.893345826936203569e-01
6.253899999999998904e+00,6.893385350007683599e-01
6.257799999999999585e+00,6.890976501739127791e-01
6.261699999999998489e+00,6.888568321241980152e-01
6.265699999999998937e+00,6.888608829284422752e-01
6.269599999999999618e+00,6.888648324740479501e-01
6.273499999999998522e+00,6.892184793596892733e-01
6.277499999999998970e+00,6.895723736432104456e-01
6.281399999999998762e+00,6.898213021245461762e-01
6.285399999999999210e+00,6.898253585415909939e-01
6.289299999999999891e+00,6.895843358238782361e-01
6.293299999999999450e+00,6.895883908239223148e-01
6.297199999999999243e+00,6.894873740912811355e-01
6.297999999999999154e+00,6.895301716345725307e-01
6.301199999999998802e+00,6.897013369047884090e-01
6.305199999999999250e+00,6.898453336720633544e-01
6.309099999999999930e+00,6.898492322462704829e-01
6.313099999999999490e+00,6.898532307953626486e-01
6.317099999999999937e+00,6.897172278893592967e-01
6.321099999999999497e+00,6.895112648524189813e-01
6.325099999999999945e+00,6.889206466955276609e-01
6.329099999999999504e+00,6.882605521077114208e-01
6.333099999999999952e+00,6.873217133933294809e-01
6.337099999999999511e+00,6.863141754186355969e-01
6.341199999999998838e+00,6.859697264201966016e-01
6.345199999999999285e+00,6.860782460534740057e-01
6.349199999999998845e+00,6.871283665449247069e-01
6.353199999999999292e+00,6.875860769840040909e-01
6.357299999999999507e+00,6.874854336209694772e-01
6.361299999999999955e+00,6.867915516911577978e-01
6.365399999999999281e+00,6.857498884217210211e-01
6.367999999999998550e+00,6.852997105065208316e-01
6.369399999999998840e+00,6.850587943852064488e-01
6.373499999999999055e+00,6.853106335599367105e-01
6.377599999999999270e+00,6.861200007964304293e-01
6.381599999999999717e+00,6.871741678607635739e-01
6.385699999999999044e+00,6.878456022680140558e-01
6.389799999999999258e+00,6.883428334067727139e-01
6.393899999999998585e+00,6.884558476081501510e-01
6.397999999999998799e+00,6.880098263654912394e-01
6.401999999999999247e+00,6.866217468930405632e-01
6.406099999999999461e+00,6.848184012721595382e-01
6.410299999999999443e+00,6.828801404258123542e-01
6.414399999999998769e+00,6.824022914274553431e-01
6.418499999999998984e+00,6.836953445127031959e-01
6.422599999999999199e+00,6.853036845309374847e-01
6.426699999999998525e+00,6.863222099714321178e-01
6.430899999999998506e+00,6.870280816457091655e-01
6.434999999999998721e+00,6.877343380658325067e-01
6.437999999999998835e+00,6.879897756006553289e-01
6.439199999999998703e+00,6.880919056395516931e-01
6.443299999999999805e+00,6.884492633885668234e-01
6.447499999999998899e+00,6.885622611777503232e-01
6.451600000000000001e+00,6.886750802601342425e-01
6.455799999999999983e+00,6.886832287514664808e-01
6.459899999999998421e+00,6.885863149650762738e-01
6.464099999999999291e+00,6.880004427863447569e-01
6.468299999999999272e+00,6.872055527602393132e-01
6.472499999999999254e+00,6.863068025485006274e-01
6.476699999999999235e+00,6.850608072207169386e-01
6.480899999999999217e+00,6.839209043210146000e-01
6.485099999999999199e+00,6.828866759553215982e-01
6.489299999999999180e+00,6.824434729658350740e-01
6.493499999999999162e+00,6.830417410955258450e-01
6.497699999999999143e+00,6.844053554644149440e-01
6.501999999999998892e+00,6.858061875327466916e-01
6.506199999999998873e+00,6.864765602551632373e-01
6.509999999999998899e+00,6.863892678804222047e-01
6.510399999999998855e+00,6.863796930039606226e-01
6.514699999999998603e+00,6.862792597725471122e-01
6.518899999999998585e+00,6.861787413917814771e-01
6.523199999999999221e+00,6.866361637497833126e-01
6.527399999999999203e+00,6.873031268840884556e-01
6.531699999999998951e+00,6.876563925639509467e-01
6.535899999999998933e+00,6.878001421746248178e-01
6.540199999999998681e+00,6.874551436530699222e-01
6.544499999999998430e+00,6.871102827326937001e-01
6.548799999999999955e+00,6.865214244272885846e-01
6.553099999999999703e+00,6.860723701590166757e-01
6.557399999999998563e+00,6.853797391017635299e-01
6.561699999999999200e+00,6.848268653910140058e-01
6.565999999999998948e+00,6.840309197994135504e-01
6.570299999999998697e+00,6.837917028499579386e-01
6.574599999999998445e+00,6.839348989665624545e-01
6.578899999999999082e+00,6.843911285919798138e-01
6.581999999999998963e+00,6.845411763223778756e-01
6.583299999999998597e+00,6.846040903006095357e-01
6.587599999999999234e+00,6.848517727112256592e-01
6.591999999999998749e+00,6.853085325951558948e-01
6.596299999999998498e+00,6.860093651063744469e-01
6.600699999999998902e+00,6.867108679161448848e-01
6.604999999999998650e+00,6.871685278353522053e-01
6.609399999999999054e+00,6.871727277824873914e-01
6.613799999999998569e+00,6.867233640512538928e-01
6.618099999999999206e+00,6.859255889447892773e-01
6.622499999999998721e+00,6.846413693850222915e-01
6.626899999999999125e+00,6.833938152551310985e-01
6.631299999999998640e+00,6.824950922898564976e-01
6.635699999999999044e+00,6.828464218552346976e-01
6.640099999999998559e+00,6.845537237982495249e-01
6.644499999999998963e+00,6.866131335175414963e-01
6.648899999999998478e+00,6.880135174841034429e-01
6.653399999999998649e+00,6.888216587389585088e-01
6.654999999999998472e+00,6.888613351849081079e-01
6.657799999999999052e+00,6.889333804742474587e-01
6.662199999999998568e+00,6.887318876954876545e-01
6.666699999999998738e+00,6.881462178269965868e-01
6.671099999999999142e+00,6.879449062316669306e-01
6.675599999999998424e+00,6.881630019903313134e-01
6.679999999999998828e+00,6.886256398231832554e-01
6.684499999999998998e+00,6.889837917914304333e-01
6.688999999999999169e+00,6.891321936954762917e-01
6.693399999999998684e+00,6.885460547551496280e-01
6.697899999999998855e+00,6.879954328373932837e-01
6.702399999999999025e+00,6.872008186602146518e-01
6.706899999999999196e+00,6.865115477473897609e-01
6.711399999999998478e+00,6.865200134711431090e-01
6.715899999999998649e+00,6.868772895636640063e-01
6.720399999999998819e+00,6.875488980674132611e-01
6.724899999999998990e+00,6.885006235363557714e-01
6.728999999999999204e+00,6.890069867233754586e-01
6.729499999999998927e+00,6.890687588591719592e-01
6.733999999999999098e+00,6.894271051877921552e-01
6.738499999999999268e+00,6.896805886399614005e-01
6.743099999999999206e+00,6.897942970272264995e-01
6.747599999999998488e+00,6.896977865507761818e-01
6.752199999999998425e+00,6.895664765339674096e-01
6.756799999999999251e+00,6.893652030166518285e-01
6.761299999999998533e+00,6.892687385667750632e-01
6.765899999999998471e+00,6.890325553361632549e-01
6.770499999999999297e+00,6.887964355870804800e-01
6.775099999999999234e+00,6.882458181613947401e-01
6.779699999999999172e+00,6.875558710771434434e-01
6.784299999999999109e+00,6.868664738751786292e-01
6.788899999999999046e+00,6.867704693806966354e-01
6.793499999999998984e+00,6.872327583098351012e-01
6.798099999999998921e+00,6.880445986262072600e-01
6.802699999999998859e+00,6.887523057736708587e-01
6.802999999999999048e+00,6.887751909210825252e-01
6.807399999999998563e+00,6.891026027289628431e-01
6.811999999999998501e+00,6.888577762507118729e-01
6.816599999999998438e+00,6.885081448545108396e-01
6.821299999999999031e+00,6.880538362921989615e-01
6.825899999999998968e+00,6.879490299197673631e-01
6.830599999999998673e+00,6.884032831236034378e-01
6.835299999999999265e+00,6.887528719214404127e-01
6.839899999999999203e+00,6.887528719214404127e-01
6.844599999999998907e+00,6.884032831236035488e-01
6.849299999999998612e+00,6.874950165442016425e-01
6.853999999999999204e+00,6.863435975057057270e-01
6.858699999999998909e+00,6.856465189551894657e-01
6.863399999999998613e+00,6.857510446149368555e-01
6.868099999999999206e+00,6.864482081702808491e-01
6.872899999999998677e+00,6.873902782751861729e-01
6.877599999999999270e+00,6.880538362921991835e-01
6.878999999999998671e+00,6.882307724793695902e-01
6.882299999999998974e+00,6.886540432047542071e-01
6.887099999999998445e+00,6.888726623280259087e-01
6.891799999999999038e+00,6.891261348409941645e-01
6.896599999999998509e+00,6.894848487753134636e-01
6.901299999999999102e+00,6.897034984290298931e-01
6.906099999999998573e+00,6.899574033129819428e-01
6.910899999999998933e+00,6.903164679856876873e-01
6.915599999999998637e+00,6.905353321118579135e-01
6.920399999999998997e+00,6.906843438457995754e-01
6.925199999999998468e+00,6.907983313833071515e-01
6.929999999999998828e+00,6.904567447635224786e-01
6.934799999999999187e+00,6.903604827030381808e-01
6.939599999999998658e+00,6.901241282612344818e-01
6.944399999999999018e+00,6.896777831243727785e-01
6.949299999999999145e+00,6.892318504569957538e-01
6.954099999999998616e+00,6.884363460917426458e-01
6.954999999999999183e+00,6.883528012752682113e-01
6.958899999999998975e+00,6.879907735430985660e-01
6.963799999999999102e+00,6.878599130987926857e-01
6.968599999999998573e+00,6.883577895913287614e-01
6.973499999999998700e+00,6.888211669223036626e-01
6.978399999999998826e+00,6.892847960755270620e-01
6.983199999999999186e+00,6.892935071175957384e-01
6.988099999999999312e+00,6.893023996964828815e-01
6.992999999999998550e+00,6.893112923327318065e-01
6.997899999999998677e+00,6.895651584358170050e-01
7.002799999999998803e+00,6.896790656242470785e-01
7.007699999999998930e+00,6.896879629476576623e-01
7.012599999999999056e+00,6.894518475916590061e-01
7.017499999999999183e+00,6.893557563743932803e-01
7.022499999999999076e+00,6.892598567577665758e-01
7.027399999999999203e+00,6.892687484425132904e-01
7.031999999999999140e+00,6.891457143902629534e-01
7.032299999999998441e+00,6.891371467340011714e-01
7.037299999999999223e+00,6.886824692844258911e-01
7.042299999999999116e+00,6.882280318554256926e-01
7.047199999999999243e+00,6.881231957552277345e-01
7.052199999999999136e+00,6.884726991132917862e-01
7.057199999999999029e+00,6.891371467340013934e-01
7.062099999999999156e+00,6.896270679064261389e-01
7.067099999999999049e+00,6.894870620056134936e-01
7.072099999999998943e+00,6.892770957905912654e-01
7.077099999999998836e+00,6.891371467340011714e-01
7.082199999999998496e+00,6.891371467340013934e-01
7.087199999999999278e+00,6.893820725031273300e-01
7.092199999999999172e+00,6.896270679064259168e-01
7.097199999999999065e+00,6.900822441640638294e-01
7.102299999999998725e+00,6.900822441640638294e-01
7.107299999999998619e+00,6.901873189627527605e-01
7.109999999999998543e+00,6.900575225419418590e-01
7.112399999999999167e+00,6.899464133365417196e-01
7.117399999999999061e+00,6.899552654549520048e-01
7.122499999999998721e+00,6.899642946742321481e-01
7.127599999999999270e+00,6.899733239525928097e-01
7.132699999999998930e+00,6.899823532900344336e-01
7.137799999999998590e+00,6.897812906171034708e-01
7.142899999999999139e+00,6.893352874450077161e-01
7.147999999999998799e+00,6.887496237666005383e-01
7.153099999999998460e+00,6.884090096383511659e-01
7.158199999999999008e+00,6.879637091622591294e-01
7.163299999999998668e+00,6.878679039960923225e-01
7.168499999999998984e+00,6.879818911164899964e-01
7.173599999999998644e+00,6.885850621197617816e-01
7.178799999999998960e+00,6.891538489647792698e-01
7.183899999999998620e+00,6.894078093579573130e-01
7.188999999999999169e+00,6.894168306431620596e-01
7.189099999999998936e+00,6.894170053205904702e-01
7.194199999999998596e+00,6.890760083506016764e-01
7.199399999999998911e+00,6.888402344894551943e-01
7.204599999999999227e+00,6.886394890384716083e-01
7.209799999999998654e+00,6.886485618730958658e-01
7.214999999999998970e+00,6.889723937238304563e-01
7.220199999999999285e+00,6.895763373689421938e-01
7.225399999999998712e+00,6.902858005604629588e-01
7.230699999999998795e+00,6.909609649520975783e-01
7.235899999999999110e+00,6.913207502073874799e-01
7.241099999999998538e+00,6.913298580065242449e-01
7.246399999999998620e+00,6.909884495522085057e-01
7.251599999999998936e+00,6.904367351460282132e-01
7.256899999999999018e+00,6.896404577692517579e-01
7.262199999999999100e+00,6.891947346051340295e-01
7.267399999999998528e+00,6.887490649619868455e-01
7.268999999999999240e+00,6.886779577221778803e-01
7.272699999999998610e+00,6.885070903550847277e-01
7.277999999999998693e+00,6.888567780397799600e-01
7.283299999999998775e+00,6.890666588407609039e-01
7.288599999999998857e+00,6.896615989361410959e-01
7.293899999999998940e+00,6.899066936786798498e-01
7.299299999999998789e+00,6.900117556115327178e-01
7.304599999999998872e+00,6.903620544984071516e-01
7.309899999999998954e+00,6.905723021100619308e-01
7.315299999999998803e+00,6.907124956400789717e-01
7.320599999999998886e+00,6.905723021100619308e-01
7.325999999999998735e+00,6.903620544984071516e-01
7.331399999999998585e+00,6.900117556115324957e-01
7.336799999999999322e+00,6.899066936786801829e-01
7.342099999999998516e+00,6.901168303434184192e-01
7.347499999999999254e+00,6.904671719021839849e-01
7.348999999999999311e+00,6.905645142481322551e-01
7.352899999999999103e+00,6.908243148371440157e-01
7.358399999999998720e+00,6.911843402260005043e-01
7.363799999999998569e+00,6.915443466489478164e-01
7.369199999999999307e+00,6.916588400602982079e-01
7.374599999999999156e+00,6.918786397710682268e-01
7.380099999999998772e+00,6.917827529147495547e-01
7.385499999999998622e+00,6.913358622698635436e-01
7.390999999999999126e+00,6.909945547070166505e-01
7.396399999999998975e+00,6.906532093189815535e-01
7.401899999999998592e+00,6.905574536389892382e-01
7.407399999999999096e+00,6.904617079702622950e-01
7.412899999999998712e+00,6.906813743328287236e-01
7.418399999999999217e+00,6.908309803771931490e-01
7.423899999999998833e+00,6.910507427378983492e-01
7.429399999999999338e+00,6.911653427060702182e-01
7.430999999999999162e+00,6.911374687459035382e-01
7.434899999999998954e+00,6.910628687220571331e-01
7.440499999999999226e+00,6.910628687220571331e-01
7.445999999999998842e+00,6.910628687220571331e-01
7.451599999999999113e+00,6.910628687220571331e-01
7.457099999999998730e+00,6.909576745083633176e-01
7.462699999999999001e+00,6.908524931052661966e-01
7.468299999999999272e+00,6.907122711600418574e-01
7.473799999999998889e+00,6.907122711600418574e-01
7.479399999999999160e+00,6.906071196437860715e-01
7.484999999999998543e+00,6.907122711600414133e-01
7.490599999999998815e+00,6.906071196437861826e-01
7.496299999999998853e+00,6.903618159076541083e-01
7.501899999999999125e+00,6.903618159076541083e-01
7.507499999999998508e+00,6.901516110468181031e-01
7.512999999999999012e+00,6.900484041933774293e-01
7.513099999999998779e+00,6.900466963028408784e-01
7.518799999999998818e+00,6.897061099488861480e-01
7.524499999999998856e+00,6.895756706192452956e-01
7.530099999999999127e+00,6.894800840603207970e-01
7.535799999999999166e+00,6.892446906953224595e-01
7.541499999999999204e+00,6.896042931490002914e-01
7.547199999999999243e+00,6.899640475900368219e-01
7.552899999999999281e+00,6.904290731396319769e-01
7.558599999999999319e+00,6.907891758555381179e-01
7.564299999999998469e+00,6.910442233308444759e-01
7.569999999999998508e+00,6.908084026983327686e-01
7.575799999999999201e+00,6.906078624072538030e-01
7.581499999999999240e+00,6.903721581876972602e-01
7.587299999999999045e+00,6.900316001926419807e-01
7.592999999999999083e+00,6.901813211248846169e-01
7.595999999999999197e+00,6.902407389403777405e-01
7.598799999999998889e+00,6.902914806540076942e-01
7.604599999999998694e+00,6.902914806540076942e-01
7.610399999999998499e+00,6.906419215491452768e-01
7.616099999999998538e+00,6.906419215491454988e-01
7.621999999999998998e+00,6.906419215491452768e-01
7.627799999999998803e+00,6.905017281160210629e-01
7.633599999999998609e+00,6.900462566801243147e-01
7.639399999999999302e+00,6.898361201762077677e-01
7.645299999999998875e+00,6.895910256278138251e-01
7.651099999999998680e+00,6.896960576167379120e-01
7.656999999999999140e+00,6.899411820280042518e-01
7.662799999999998946e+00,6.903965979823182275e-01
7.668699999999998518e+00,6.909925047567496703e-01
7.674599999999998978e+00,6.915537340070251338e-01
7.680499999999998550e+00,6.919046874298936389e-01
7.680999999999999162e+00,6.919046874298936389e-01
7.686399999999999011e+00,6.919135945097832918e-01
7.692299999999998583e+00,6.918180225640854220e-01
7.698199999999999044e+00,6.914768279469422074e-01
7.704199999999999271e+00,6.911359307042971301e-01
7.710099999999998843e+00,6.910404414171503751e-01
7.715999999999999304e+00,6.911553722343350969e-01
7.721999999999998643e+00,6.915160604269130484e-01
7.727999999999998870e+00,6.919822139361697655e-01
7.733999999999999098e+00,6.923432515027886369e-01
7.739899999999998670e+00,6.921071722710475660e-01
7.745899999999998897e+00,6.913098681307756621e-01
7.751899999999999125e+00,6.905132942983126521e-01
7.757999999999999119e+00,6.898226659570091401e-01
7.763999999999999346e+00,6.894824058941542155e-01
7.765999999999999126e+00,6.895673767005656707e-01
7.769999999999998685e+00,6.897307674635417829e-01
7.775999999999998913e+00,6.900809948210047118e-01
7.782099999999998907e+00,6.906416545006086594e-01
7.788199999999998902e+00,6.911325305945291708e-01
7.794199999999999129e+00,6.911325305945291708e-01
7.800299999999999123e+00,6.911325305945290598e-01
7.806399999999999118e+00,6.909922518102518119e-01
7.812499999999999112e+00,6.908870576707633049e-01
7.818599999999999106e+00,6.909922518102515898e-01
7.824699999999999100e+00,6.912377546329738776e-01
7.830899999999998862e+00,6.914482411584021992e-01
7.836999999999998856e+00,6.913429914872079030e-01
7.843099999999998850e+00,6.908870576707634159e-01
7.849299999999998612e+00,6.904313644331012689e-01
7.851999999999998536e+00,6.902787666296049673e-01
7.855499999999999261e+00,6.900809948210046008e-01
7.861599999999999255e+00,6.900809948210046008e-01
7.867799999999999017e+00,6.901860907659255195e-01
7.873999999999998778e+00,6.905365030628615175e-01
7.880199999999998539e+00,6.908870576707633049e-01
7.886399999999999189e+00,6.908870576707633049e-01
7.892699999999998717e+00,6.906416545006086594e-01
7.898899999999999366e+00,6.904313644331012689e-01
7.905099999999999127e+00,6.904313644331011579e-01
7.911399999999998656e+00,6.905365030628615175e-01
7.917699999999999072e+00,6.903262386101577386e-01
7.923899999999998833e+00,6.903262386101577386e-01
7.930199999999999250e+00,6.901860907659256306e-01
7.936499999999998778e+00,6.903262386101577386e-01
7.938999999999999169e+00,6.904513898513608972e-01
7.942799999999999194e+00,6.906476970956013650e-01
7.949099999999998722e+00,6.910083206029429270e-01
7.955399999999999139e+00,6.911586278871024724e-01
7.961799999999999322e+00,6.908181396707220312e-01
7.968099999999998850e+00,6.904776245735536611e-01
7.974499999999999034e+00,6.901374005823879276e-01
7.980799999999998562e+00,6.899022131788797862e-01
7.987199999999998745e+00,6.899123788109136068e-01
7.993599999999998929e+00,6.900626530719706775e-01
7.999999999999999112e+00,6.900728209182467321e-01
8.006399999999999295e+00,6.902932005439885721e-01
8.012799999999998590e+00,6.908992584544026982e-01
8.019199999999999662e+00,6.913654008765860448e-01
8.025699999999998724e+00,6.919372702062062119e-01
8.026999999999999247e+00,6.919678657556435075e-01
8.032099999999999795e+00,6.920797793445212509e-01
8.038599999999998857e+00,6.919393410780713127e-01
8.045099999999999696e+00,6.917287264263010105e-01
8.051499999999998991e+00,6.913778159779634391e-01
8.057999999999998053e+00,6.913778159779636612e-01
8.064499999999998892e+00,6.912725706186051422e-01
8.070999999999999730e+00,6.910270479561386736e-01
8.077499999999998792e+00,6.907815950614168976e-01
8.084099999999999397e+00,6.904661152601431207e-01
8.090599999999998460e+00,6.899755980161855762e-01
8.097199999999999065e+00,6.898705234567932276e-01
8.103699999999998127e+00,6.898705234567931166e-01
8.110299999999998732e+00,6.901157173443480675e-01
8.115999999999999659e+00,6.902972694104128060e-01
8.116899999999999338e+00,6.903259390185966238e-01
8.123499999999998167e+00,6.904661152601426766e-01
8.130099999999998772e+00,6.904661152601426766e-01
8.136699999999999378e+00,6.902208217787172417e-01
8.143299999999998207e+00,6.901157173443481785e-01
8.149999999999998579e+00,6.898705234567931166e-01
8.156599999999999184e+00,6.895203673749961126e-01
8.163299999999999557e+00,6.895203673749961126e-01
8.169899999999998386e+00,6.894153482808046407e-01
8.176599999999998758e+00,6.894153482808046407e-01
8.183299999999999130e+00,6.893103419831561052e-01
8.189999999999999503e+00,6.889604133954554399e-01
8.196699999999998099e+00,6.887155479525081114e-01
8.203399999999998471e+00,6.886106269352618714e-01
8.205999999999999517e+00,6.886507422847819582e-01
8.210199999999998610e+00,6.887155479525081114e-01
8.216899999999998983e+00,6.890653770464069128e-01
8.223699999999999122e+00,6.891703534900033290e-01
8.230499999999999261e+00,6.894153482808047517e-01
8.237199999999999633e+00,6.895203673749958906e-01
8.243999999999999773e+00,6.896253992668996968e-01
8.250799999999998136e+00,6.897654616990115395e-01
8.257599999999998275e+00,6.898705234567932276e-01
8.264499999999998181e+00,6.899755980161855762e-01
8.271299999999998320e+00,6.901157173443484005e-01
8.278099999999998460e+00,6.901157173443480675e-01
8.284999999999998366e+00,6.901157173443481785e-01
8.291899999999998272e+00,6.898705234567931166e-01
8.296999999999998820e+00,6.897928678799689628e-01
8.298799999999998178e+00,6.897654616990115395e-01
8.305599999999998317e+00,6.896253992668996968e-01
8.312599999999999767e+00,6.897654616990116505e-01
8.319499999999999673e+00,6.901157173443481785e-01
8.326399999999999579e+00,6.904661152601426766e-01
8.333299999999997709e+00,6.906764223174667316e-01
8.340299999999997382e+00,6.906764223174669537e-01
8.347199999999999065e+00,6.904661152601431207e-01
8.354199999999998738e+00,6.901157173443484005e-01
8.361199999999998411e+00,6.897654616990118726e-01
8.368199999999998084e+00,6.894153482808046407e-01
8.375199999999999534e+00,6.890653770464069128e-01
8.382199999999999207e+00,6.889604133954554399e-01
8.388999999999999346e+00,6.890609417037247830e-01
8.389299999999996871e+00,6.890658273689156399e-01
8.396299999999998320e+00,6.890763349358881573e-01
8.403399999999999537e+00,6.889820257491890976e-01
8.410399999999999210e+00,6.888525937165248525e-01
8.417499999999998650e+00,6.883037139129888349e-01
8.424599999999998090e+00,6.877551805368737892e-01
8.431699999999999307e+00,6.871720789857082012e-01
8.438799999999996970e+00,6.870779704493135132e-01
8.445899999999998187e+00,6.870885968061557492e-01
8.453099999999999170e+00,6.873088650734140437e-01
8.460199999999998610e+00,6.875639707153078373e-01
8.467399999999999594e+00,6.874699685734669830e-01
8.474599999999998801e+00,6.873410540426641013e-01
8.481799999999998008e+00,6.874915323312377202e-01
8.481999999999999318e+00,6.874976530989406198e-01
8.488999999999998991e+00,6.877014223470124810e-01
8.496199999999998198e+00,6.880508534660572106e-01
8.503399999999999181e+00,6.886452123422125426e-01
8.510599999999998388e+00,6.888550841012568426e-01
8.517899999999999139e+00,6.887501418266497311e-01
8.525099999999998346e+00,6.886452123422125426e-01
8.532399999999999096e+00,6.882955397525233332e-01
8.539699999999998070e+00,6.882955397525233332e-01
8.546999999999998820e+00,6.884004266115062443e-01
8.554299999999997794e+00,6.886452123422123206e-01
8.561599999999998545e+00,6.888550841012567316e-01
8.568999999999999062e+00,6.889600391672019430e-01
8.575999999999998735e+00,6.891949164702815267e-01
8.576299999999998036e+00,6.892049840717382470e-01
8.583699999999998553e+00,6.894499986392296220e-01
8.591099999999999071e+00,6.896600665829394350e-01
8.598499999999999588e+00,6.900102936075681592e-01
8.605899999999998329e+00,6.904658014381371833e-01
8.613299999999997070e+00,6.907111745070007025e-01
8.620699999999999363e+00,6.907111745070007025e-01
8.628099999999998104e+00,6.904658014381371833e-01
8.635599999999998388e+00,6.899052105639115196e-01
8.642999999999998906e+00,6.892049840717384690e-01
8.650499999999999190e+00,6.889600391672019430e-01
8.657999999999999474e+00,6.884004266115062443e-01
8.665499999999999758e+00,6.879460092195405219e-01
8.670999999999999375e+00,6.875104600288532986e-01
8.672999999999998266e+00,6.873521332110904547e-01
8.680599999999998317e+00,6.866888748613673155e-01
8.688099999999998602e+00,6.864446456282065068e-01
8.695699999999998653e+00,6.866888748613670934e-01
8.703199999999998937e+00,6.873521332110906767e-01
8.710799999999997212e+00,6.881557104949497239e-01
8.718399999999999039e+00,6.887501418266497311e-01
8.725999999999999091e+00,6.889600391672019430e-01
8.733599999999999142e+00,6.886452123422123206e-01
8.741299999999997183e+00,6.886452123422123206e-01
8.748899999999999011e+00,6.887501418266498421e-01
8.756599999999998829e+00,6.893099817839245524e-01
8.764199999999998880e+00,6.897651197546671442e-01
8.767999999999998906e+00,6.898342526342449155e-01
8.771899999999998698e+00,6.899052105639115196e-01
8.779599999999998516e+00,6.893099817839245524e-01
8.787299999999998334e+00,6.887501418266498421e-01
8.795099999999999696e+00,6.878411777542318140e-01
8.802799999999997738e+00,6.875966206999772901e-01
8.810599999999999099e+00,6.874918318302546405e-01
8.818299999999997141e+00,6.877014223470125920e-01
8.826099999999998502e+00,6.879460092195406329e-01
8.833899999999998087e+00,6.884004266115062443e-01
8.841699999999999449e+00,6.890999991547883674e-01
8.849599999999998801e+00,6.896600665829395460e-01
8.857399999999998386e+00,6.900102936075679372e-01
8.864999999999998437e+00,6.896690449862216132e-01
8.865199999999999747e+00,6.896602091403783996e-01
8.873099999999999099e+00,6.887559077971536770e-01
8.880999999999998451e+00,6.877127945993588565e-01
8.888899999999999579e+00,6.872643502714456121e-01
8.896799999999997155e+00,6.871652119415411208e-01
8.904699999999998283e+00,6.875200408043218303e-01
8.912699999999999179e+00,6.876305193382378222e-01
8.920599999999998531e+00,6.876361336587714090e-01
8.928599999999999426e+00,6.876418190700099853e-01
8.936599999999998545e+00,6.877523139073616898e-01
8.944499999999999673e+00,6.877579291529649641e-01
8.952599999999998559e+00,6.874143658200536633e-01
8.960599999999999454e+00,6.868614267120434214e-01
8.962999999999999190e+00,6.867270208469269388e-01
8.968599999999998573e+00,6.864134090030451496e-01
8.976699999999999235e+00,6.866283738442525708e-01
8.984699999999998354e+00,6.870876723716490275e-01
8.992799999999997240e+00,6.873377293020709322e-01
9.000899999999999679e+00,6.874481416876898621e-01
9.008999999999998565e+00,6.872442449327693659e-01
9.017099999999999227e+00,6.872498828120722214e-01
9.025299999999997880e+00,6.874651301075566101e-01
9.033399999999998542e+00,6.877152994396344976e-01
9.041599999999998971e+00,6.877210107640128189e-01
9.049799999999997624e+00,6.876219134150906021e-01
9.057999999999999829e+00,6.874878977043232808e-01
9.062999999999998835e+00,6.875765756600229484e-01
9.066199999999998482e+00,6.876311059411822635e-01
9.074399999999998911e+00,6.881902408252269510e-01
9.082699999999999108e+00,6.887847201083461268e-01
9.090899999999999537e+00,6.894496242210007564e-01
9.099199999999999733e+00,6.899048543949276580e-01
9.107499999999998153e+00,6.902551950543525106e-01
9.115799999999998349e+00,6.899048543949276580e-01
9.124099999999998545e+00,6.892395990529678329e-01
9.132399999999998741e+00,6.884349766809583215e-01
9.140799999999996928e+00,6.873865987385280318e-01
9.149099999999998900e+00,6.866883899604949715e-01
9.157499999999998863e+00,6.863394983967435747e-01
9.162999999999998479e+00,6.861339679981859341e-01
9.165899999999998826e+00,6.860256172516897566e-01
9.174299999999997013e+00,6.858861513870273541e-01
9.182699999999998752e+00,6.861302315376617278e-01
9.191199999999998482e+00,6.868279863069183255e-01
9.199599999999998445e+00,6.877359160393414772e-01
9.208099999999998175e+00,6.887847201083461268e-01
9.216599999999999682e+00,6.890996107118767533e-01
9.225099999999999412e+00,6.888896708497062038e-01
9.233599999999999142e+00,6.884349766809583215e-01
9.242099999999998872e+00,6.876311059411822635e-01
9.250699999999998369e+00,6.868279863069183255e-01
9.259299999999997866e+00,6.863394983967435747e-01
9.264999999999998792e+00,6.862693267607178349e-01
9.267799999999997596e+00,6.862348585856241634e-01
9.276399999999998869e+00,6.866883899604948605e-01
9.285099999999998133e+00,6.870374233933360664e-01
9.293699999999999406e+00,6.872818312315991385e-01
9.302299999999997127e+00,6.871421610941279567e-01
9.310999999999998167e+00,6.868279863069183255e-01
9.319699999999999207e+00,6.864790380007217419e-01
9.328399999999998471e+00,6.864790380007217419e-01
9.337099999999999511e+00,6.866883899604949715e-01
9.345799999999996999e+00,6.873865987385280318e-01
9.354499999999999815e+00,6.879805226366813020e-01
9.363299999999997070e+00,6.884349766809583215e-01
9.366999999999999105e+00,6.884349766809580995e-01
9.372099999999999653e+00,6.884383957445638913e-01
9.380899999999998684e+00,6.879898351294999603e-01
9.389699999999999491e+00,6.874017938138062833e-01
9.398499999999998522e+00,6.870584984046335109e-01
9.407299999999997553e+00,6.871691278958100835e-01
9.416199999999998127e+00,6.880134851247496908e-01
9.425099999999998701e+00,6.890336170602348043e-01
9.433999999999999275e+00,6.898447867764874175e-01
9.442899999999999849e+00,6.902010892732349800e-01
9.451799999999996871e+00,6.902070709656348280e-01
9.460699999999999221e+00,6.903181794141626249e-01
9.469699999999999562e+00,6.904644194182181227e-01
9.470999999999998309e+00,6.904804821191914410e-01
9.478699999999998127e+00,6.905704511436145943e-01
9.487699999999998468e+00,6.909210692636735818e-01
9.496699999999998809e+00,6.914823544635074759e-01
9.505699999999999150e+00,6.919386672329247423e-01
9.514699999999999491e+00,6.921844738699745037e-01
9.523799999999997823e+00,6.917280314149331089e-01
9.532899999999999707e+00,6.905704511436147053e-01
9.541999999999999815e+00,6.893094043041246843e-01
9.551099999999998147e+00,6.882599397988069523e-01
9.560199999999998255e+00,6.880502003702876346e-01
9.569399999999998130e+00,6.882599397988069523e-01
9.575999999999998735e+00,6.888433302989881435e-01
9.578499999999998238e+00,6.890644148252941248e-01
9.587699999999999889e+00,6.896595101471414413e-01
9.596899999999999764e+00,6.902199753790869696e-01
9.606099999999999639e+00,6.903251031636941093e-01
9.615399999999999281e+00,6.901148604025755251e-01
9.624599999999999156e+00,6.895194507432216291e-01
9.633899999999998798e+00,6.890644148252941248e-01
9.643199999999998440e+00,6.890644148252941248e-01
9.652499999999999858e+00,6.894144211241108877e-01
9.661799999999997723e+00,6.896595101471414413e-01
9.671199999999998909e+00,6.897645696354268718e-01
9.680499999999998550e+00,6.895194507432216291e-01
9.682999999999999829e+00,6.893984070940677444e-01
9.689899999999999736e+00,6.890644148252941248e-01
9.699299999999997368e+00,6.887145506956533492e-01
9.708699999999998553e+00,6.888544792899808922e-01
9.718199999999999505e+00,6.888544792899811142e-01
9.727599999999998914e+00,6.889594406606096566e-01
9.737099999999999866e+00,6.887145506956533492e-01
9.746599999999999042e+00,6.882599397988069523e-01
9.756099999999998218e+00,6.881550636920011899e-01
9.765599999999999170e+00,6.883648286918728765e-01
9.775199999999999889e+00,6.887145506956533492e-01
9.784699999999999065e+00,6.890644148252941248e-01
9.789999999999999147e+00,6.890064587565671861e-01
9.794299999999998008e+00,6.889594406606096566e-01
9.803899999999998727e+00,6.889594406606094346e-01
9.813499999999999446e+00,6.891694017852044718e-01
9.823199999999998155e+00,6.896595101471414413e-01
9.832799999999997098e+00,6.902199753790869696e-01
9.842499999999999361e+00,6.905704511436148163e-01
9.852199999999999847e+00,6.906756216303290286e-01
9.861899999999998556e+00,6.906756216303288065e-01
9.871699999999998809e+00,6.908158688777454870e-01
9.881399999999999295e+00,6.909210692636735818e-01
9.891199999999999548e+00,6.910262824655022396e-01
9.898999999999999133e+00,6.908588062629094084e-01
9.900999999999999801e+00,6.908171525403531410e-01
9.910799999999998278e+00,6.902275424727476461e-01
9.920599999999998531e+00,6.897784121567330784e-01
9.930499999999998550e+00,6.894345979331159002e-01
9.940399999999998570e+00,6.894409392769236256e-01
9.950199999999998823e+00,6.901476891938657099e-01
9.960199999999998610e+00,6.908551494936587822e-01
9.970099999999998630e+00,6.916684209829797592e-01
9.979999999999998650e+00,6.919907410218382182e-01
9.989999999999998437e+00,6.918918367934526747e-01
9.999999999999998224e+00,6.913366990225203734e-01
1.000799999999999912e+01,6.909770123893342886e-01
1.000999999999999979e+01,6.908858302285758590e-01
1.001999999999999957e+01,6.905352193157247020e-01
1.002999999999999936e+01,6.907455687778272235e-01
1.003999999999999915e+01,6.914471038998106778e-01
1.004999999999999893e+01,6.917980851436689171e-01
1.005999999999999872e+01,6.915523833116752339e-01
1.006999999999999851e+01,6.908858302285758590e-01
1.008099999999999952e+01,6.900446031876811270e-01
1.009099999999999930e+01,6.898344245174882206e-01
1.010099999999999909e+01,6.902898763816883720e-01
1.011099999999999888e+01,6.908858302285758590e-01
1.011899999999999977e+01,6.913348199934540306e-01
1.012099999999999866e+01,6.914471038998106778e-01
1.013199999999999967e+01,6.914471038998106778e-01
1.014199999999999946e+01,6.910962651256560285e-01
1.015199999999999925e+01,6.907455687778272235e-01
1.016299999999999848e+01,6.905352193157247020e-01
1.017299999999999827e+01,6.902898763816883720e-01
1.018299999999999983e+01,6.901847507598137810e-01
1.019399999999999906e+01,6.901847507598137810e-01
1.020399999999999885e+01,6.899395074498390068e-01
1.021499999999999986e+01,6.898344245174882206e-01
1.022499999999999964e+01,6.892391963925259546e-01
1.023199999999999932e+01,6.888472706684881652e-01
1.023499999999999943e+01,6.886812085866629296e-01
1.024599999999999866e+01,6.882333902118474844e-01
1.025599999999999845e+01,6.883444468275299322e-01
1.026699999999999946e+01,6.891558140224326445e-01
1.027699999999999925e+01,6.903177140495344588e-01
1.028799999999999848e+01,6.912361900679780957e-01
1.029899999999999949e+01,6.914886207823993658e-01
1.030899999999999928e+01,6.910387233368860960e-01
1.031999999999999851e+01,6.900990224750398472e-01
1.033099999999999952e+01,6.889853644529294607e-01
1.034099999999999930e+01,6.883968808035338949e-01
1.034499999999999886e+01,6.883993483339565511e-01
1.035199999999999854e+01,6.883993483339565511e-01
1.036299999999999955e+01,6.886441585529994303e-01
1.037299999999999933e+01,6.890989908811672171e-01
1.038399999999999856e+01,6.895540635019427045e-01
1.039499999999999957e+01,6.897992021682838315e-01
1.040599999999999881e+01,6.899042829365947815e-01
1.041699999999999982e+01,6.899042829365951146e-01
1.042799999999999905e+01,6.899042829365948926e-01
1.043799999999999883e+01,6.893089945338412017e-01
1.044899999999999984e+01,6.886441585529992082e-01
1.045999999999999908e+01,6.878400435560427795e-01
1.047099999999999831e+01,6.871414238674866670e-01
1.048199999999999932e+01,6.872461806169742893e-01
1.049299999999999855e+01,6.879448855008877262e-01
1.050399999999999956e+01,6.892039863085954732e-01
1.051499999999999879e+01,6.904649300021372671e-01
1.052599999999999980e+01,6.914118483825871797e-01
1.053699999999999903e+01,6.915171256323562332e-01
1.054899999999999949e+01,6.911662513293249654e-01
1.055999999999999872e+01,6.907103276778201462e-01
1.057099999999999973e+01,6.901144828912428864e-01
1.057599999999999874e+01,6.899711591837435209e-01
1.058199999999999896e+01,6.898027842009893940e-01
1.059299999999999820e+01,6.896692614507183849e-01
1.060399999999999920e+01,6.900260978359761266e-01
1.061599999999999966e+01,6.904888334429084562e-01
1.062699999999999889e+01,6.910915200869870434e-01
1.063799999999999990e+01,6.914489497040069432e-01
1.064999999999999858e+01,6.914561307199010853e-01
1.066099999999999959e+01,6.910066265394299023e-01
1.067199999999999882e+01,6.905222989550943158e-01
1.068399999999999928e+01,6.903191652394132793e-01
1.069299999999999962e+01,6.902098509768583856e-01
1.069499999999999851e+01,6.901843661329277735e-01
1.070699999999999896e+01,6.901843661329277735e-01
1.071799999999999820e+01,6.900792491087949232e-01
1.072999999999999865e+01,6.897289515246163294e-01
1.074099999999999966e+01,6.893787962091496579e-01
1.075299999999999834e+01,6.897289515246163294e-01
1.076399999999999935e+01,6.905348487312387151e-01
1.077599999999999980e+01,6.913414990668549365e-01
1.078699999999999903e+01,6.920435467358693193e-01
1.079899999999999949e+01,6.921489030592037350e-01
1.081099999999999994e+01,6.918328725778726263e-01
1.081199999999999939e+01,6.918211699625423927e-01
1.082299999999999862e+01,6.916988717841444645e-01
1.083399999999999963e+01,6.917052919525106258e-01
1.084599999999999831e+01,6.918527207674027846e-01
1.085799999999999876e+01,6.923162693376182508e-01
1.086999999999999922e+01,6.924286707292239829e-01
1.088099999999999845e+01,6.919784898218649394e-01
1.089299999999999891e+01,6.915291248702071236e-01
1.090499999999999936e+01,6.911852321394000853e-01
1.091699999999999982e+01,6.914027523283511334e-01
1.092899999999999849e+01,6.915501306643977442e-01
1.093199999999999861e+01,6.914904629175273598e-01
1.094099999999999895e+01,6.913166468950486809e-01
1.095299999999999940e+01,6.908744983702862497e-01
1.096499999999999986e+01,6.904325723600286402e-01
1.097699999999999854e+01,6.900959787491156572e-01
1.098899999999999899e+01,6.901098373097825922e-01
1.100099999999999945e+01,6.901236960096025497e-01
1.101299999999999990e+01,6.901375548485754186e-01
1.102499999999999858e+01,6.901514138267010878e-01
1.103799999999999848e+01,6.902715613833423358e-01
1.104999999999999893e+01,6.905307890302959661e-01
1.105299999999999905e+01,6.906481999686175932e-01
1.106199999999999939e+01,6.909952839365363086e-01
1.107399999999999984e+01,6.915635729834743728e-01
1.108599999999999852e+01,6.923781309571968023e-01
1.109899999999999842e+01,6.930885439320951802e-01
1.111099999999999888e+01,6.932009374675800473e-01
1.112299999999999933e+01,6.925399355046459871e-01
1.113599999999999923e+01,6.914938568123855100e-01
1.114799999999999969e+01,6.904484650806000934e-01
1.116099999999999959e+01,6.898952166349886506e-01
1.117299999999999827e+01,6.900071902695117387e-01
1.117499999999999893e+01,6.901161477711634795e-01
1.118599999999999994e+01,6.907155596744660730e-01
1.119799999999999862e+01,6.916345230920699638e-01
1.121099999999999852e+01,6.926956065357720016e-01
1.122299999999999898e+01,6.934056081573696240e-01
1.123599999999999888e+01,6.935185000625061491e-01
1.124899999999999878e+01,6.930686401448326039e-01
1.126099999999999923e+01,6.921617037710349196e-01
1.127399999999999913e+01,6.913615484770453401e-01
1.128699999999999903e+01,6.908777272793480417e-01
1.129899999999999949e+01,6.911300422687108869e-01
1.131199999999999939e+01,6.916987785460139149e-01
1.132499999999999929e+01,6.926544016991136310e-01
1.133799999999999919e+01,6.927670789035701437e-01
1.135099999999999909e+01,6.922120945072406384e-01
1.136399999999999899e+01,6.909205751760444381e-01
1.137699999999999889e+01,6.896660022473231066e-01
1.138999999999999879e+01,6.888680193775339466e-01
1.140299999999999869e+01,6.892252058908648893e-01
1.141599999999999859e+01,6.899328221476521694e-01
1.142499999999999893e+01,6.908114423642929269e-01
1.142899999999999849e+01,6.912022282582283017e-01
1.144199999999999839e+01,6.928249632719980511e-01
1.145499999999999829e+01,6.940986350925262283e-01
1.146799999999999997e+01,6.953741846928740422e-01
1.148099999999999987e+01,6.957340851873378140e-01
1.149399999999999977e+01,6.952829445723957003e-01
1.150699999999999967e+01,6.944797622135630011e-01
1.152099999999999902e+01,6.934315966459191349e-01
1.153399999999999892e+01,6.926301184200650551e-01
1.154699999999999882e+01,6.918293780573950835e-01
1.155099999999999838e+01,6.915407137155490380e-01
1.156099999999999994e+01,6.908247641919216253e-01
1.157399999999999984e+01,6.902428232772722660e-01
1.158699999999999974e+01,6.901517626982954789e-01
1.160099999999999909e+01,6.901669251026675278e-01
1.161399999999999899e+01,6.901810046272904842e-01
1.162799999999999834e+01,6.894955033218307383e-01
1.164099999999999824e+01,6.887044923805303309e-01
1.165499999999999936e+01,6.888595846746935480e-01
1.166899999999999871e+01,6.899952604807360057e-01
1.167999999999999972e+01,6.916691417958018562e-01
1.168199999999999861e+01,6.919716621931897294e-01
1.169599999999999973e+01,6.937294514159368930e-01
1.170999999999999908e+01,6.941870612229462667e-01
1.172299999999999898e+01,6.935886969600247864e-01
1.173699999999999832e+01,6.925689102692917931e-01
1.175099999999999945e+01,6.916556388885204409e-01
1.176499999999999879e+01,6.914099228195330626e-01
1.177899999999999991e+01,6.911642765895507079e-01
1.179199999999999982e+01,6.903576448013878375e-01
1.180599999999999916e+01,6.894467072214288672e-01
1.180899999999999928e+01,6.892741379621755149e-01
1.181999999999999851e+01,6.886475320639973141e-01
1.183399999999999963e+01,6.884101168472118726e-01
1.184799999999999898e+01,6.886624292867584707e-01
1.186199999999999832e+01,6.891248197284374211e-01
1.187599999999999945e+01,6.895874604536517127e-01
1.189099999999999824e+01,6.900508846758260928e-01
1.190499999999999936e+01,6.905490887847477444e-01
1.191899999999999871e+01,6.912230164590341674e-01
1.193299999999999983e+01,6.918272403552374605e-01
1.193999999999999950e+01,6.922875986811121152e-01
1.194699999999999918e+01,6.927481746426359388e-01
1.196199999999999974e+01,6.933539453528618779e-01
1.197599999999999909e+01,6.932206892945468324e-01
1.198999999999999844e+01,6.919628590573252414e-01
1.200499999999999901e+01,6.902515919521848842e-01
1.201899999999999835e+01,6.884032598590248408e-01
1.203399999999999892e+01,6.872577197495898238e-01
1.204799999999999827e+01,6.865667769492223016e-01
1.206299999999999883e+01,6.867142925621677607e-01
1.207199999999999918e+01,6.870781606734024383e-01
1.207699999999999996e+01,6.872803373641630520e-01
1.209199999999999875e+01,6.886865134481616746e-01
1.210699999999999932e+01,6.909715791413731933e-01
1.212099999999999866e+01,6.936491955641302942e-01
1.213599999999999923e+01,6.951715569994302291e-01
1.215099999999999980e+01,6.949327019130580041e-01
1.216499999999999915e+01,6.932148818020061887e-01
1.217999999999999972e+01,6.911500166342815499e-01
1.219499999999999851e+01,6.901058127327269753e-01
1.220599999999999952e+01,6.901115454619425327e-01
1.220999999999999908e+01,6.901115454619428657e-01
1.222499999999999964e+01,6.907075451151269974e-01
1.223999999999999844e+01,6.910232410067612685e-01
1.225499999999999901e+01,6.910232410067614905e-01
1.226999999999999957e+01,6.910232410067612685e-01
1.228499999999999837e+01,6.912688620530994532e-01
1.229999999999999716e+01,6.918656610960368658e-01
1.231499999999999773e+01,6.920763944369392462e-01
1.232999999999999829e+01,6.913741495942138382e-01
1.234199999999999697e+01,6.903481431147898695e-01
1.234599999999999831e+01,6.900084504493135817e-01
1.236099999999999710e+01,6.884056268617716468e-01
1.237599999999999767e+01,6.871549721242100617e-01
1.239199999999999768e+01,6.870233959332536777e-01
1.240699999999999825e+01,6.882891139822143733e-01
1.242199999999999704e+01,6.906080800882790083e-01
1.243799999999999706e+01,6.929338144595201809e-01
1.245299999999999763e+01,6.941026217757826355e-01
1.246899999999999764e+01,6.938643913593204315e-01
1.247899999999999743e+01,6.930251275404863964e-01
1.248399999999999821e+01,6.926057808074651545e-01
1.249999999999999822e+01,6.911038119598938989e-01
1.251599999999999824e+01,6.902001074461965313e-01
1.253099999999999703e+01,6.901025504017888057e-01
1.254699999999999704e+01,6.908118858485631231e-01
1.256299999999999706e+01,6.918378115924113114e-01
1.257899999999999707e+01,6.927946439789409716e-01
1.259399999999999764e+01,6.931187369319303793e-01
1.260999999999999766e+01,6.929158707967292274e-01
1.261699999999999733e+01,6.926579481847973119e-01
1.262599999999999767e+01,6.923218768608607743e-01
1.264199999999999768e+01,6.916545143918306771e-01
1.265799999999999770e+01,6.914087737791093646e-01
1.267399999999999771e+01,6.921110751907426639e-01
1.268999999999999773e+01,6.933766558183527273e-01
1.270599999999999774e+01,6.947850271730435789e-01
1.272299999999999720e+01,6.953490160850507307e-01
1.273899999999999721e+01,6.949964801131058856e-01
1.275499999999999723e+01,6.938341257587623545e-01
1.275699999999999790e+01,6.936889408826649728e-01
1.277099999999999724e+01,6.926733271185344654e-01
1.278799999999999848e+01,6.922164696062282907e-01
1.280399999999999849e+01,6.922164696062282907e-01
1.282099999999999795e+01,6.924624398410710313e-01
1.283699999999999797e+01,6.926733271185346874e-01
1.285299999999999798e+01,6.928139471789984682e-01
1.286999999999999744e+01,6.933766558183527273e-01
1.288699999999999690e+01,6.938341257587623545e-01
1.289799999999999791e+01,6.940761545716134240e-01
1.290299999999999692e+01,6.941911019206257194e-01
1.291999999999999815e+01,6.938557274065376701e-01
1.293699999999999761e+01,6.931686810388313358e-01
1.295299999999999763e+01,6.925163378254947100e-01
1.296999999999999709e+01,6.920762048592995486e-01
1.298699999999999832e+01,6.918469824791306788e-01
1.300399999999999778e+01,6.916178183545268476e-01
1.302099999999999724e+01,6.914238144073414638e-01
1.303799999999999848e+01,6.911947576292043482e-01
1.304099999999999859e+01,6.911976917925973796e-01
1.305499999999999794e+01,6.911976917925973796e-01
1.307199999999999740e+01,6.914433823320602635e-01
1.308899999999999686e+01,6.921457403001705089e-01
1.310599999999999810e+01,6.930596588174180450e-01
1.312299999999999756e+01,6.942210223138312042e-01
1.314099999999999824e+01,6.951371320692574240e-01
1.315799999999999770e+01,6.951371320692574240e-01
1.317499999999999716e+01,6.943266779649174270e-01
1.318599999999999817e+01,6.935521685039073292e-01
1.319299999999999784e+01,6.930596588174180450e-01
1.320999999999999730e+01,6.918998501188279304e-01
1.322799999999999798e+01,6.915486996626428740e-01
1.324499999999999744e+01,6.917944900078429882e-01
1.326299999999999812e+01,6.923565589495795924e-01
1.327999999999999758e+01,6.929541574386303138e-01
1.329799999999999827e+01,6.930596588174180450e-01
1.331599999999999717e+01,6.927080375187418815e-01
1.333199999999999719e+01,6.918482014017066639e-01
1.333299999999999841e+01,6.917944900078429882e-01
1.335099999999999731e+01,6.907415946564009479e-01
1.336899999999999800e+01,6.901805748930038842e-01
1.338699999999999690e+01,6.907415946564009479e-01
1.340499999999999758e+01,6.918998501188279304e-01
1.342299999999999827e+01,6.929541574386303138e-01
1.344099999999999717e+01,6.930596588174180450e-01
1.345899999999999785e+01,6.923565589495795924e-01
1.347699999999999854e+01,6.903909145696831562e-01
1.347999999999999687e+01,6.900462180528864620e-01
1.349499999999999744e+01,6.883387281719047790e-01
1.351399999999999757e+01,6.861555436682291731e-01
1.353199999999999825e+01,6.845687709660238651e-01
1.354999999999999716e+01,6.839239645692073433e-01
1.356899999999999729e+01,6.846029386069438782e-01
1.358699999999999797e+01,6.863626946076052393e-01
1.360499999999999687e+01,6.885458269663384812e-01
1.362399999999999700e+01,6.905250318227315054e-01
1.362999999999999723e+01,6.908961429653185382e-01
1.364299999999999713e+01,6.916886397036996481e-01
1.366099999999999781e+01,6.914428695023346894e-01
1.367999999999999794e+01,6.904254227934037980e-01
1.369899999999999807e+01,6.888139987946287901e-01
1.371699999999999697e+01,6.875549843182929832e-01
1.373599999999999710e+01,6.870658650492659225e-01
1.375499999999999723e+01,6.874152075403134887e-01
1.377399999999999736e+01,6.886740172884520117e-01
1.378099999999999703e+01,6.891511529205008868e-01
1.379299999999999748e+01,6.899751894628114446e-01
1.381199999999999761e+01,6.911411481118514555e-01
1.383099999999999774e+01,6.917115070691376433e-01
1.384999999999999787e+01,6.921768333841461507e-01
1.386999999999999744e+01,6.923265404712199977e-01
1.388899999999999757e+01,6.924406695453847460e-01
1.390799999999999770e+01,6.920979745587605425e-01
1.392799999999999727e+01,6.918612325537391028e-01
1.393399999999999750e+01,6.918307035287378781e-01
1.394699999999999740e+01,6.917645222036425956e-01
1.396599999999999753e+01,6.918785201560402331e-01
1.398599999999999710e+01,6.925903759766073309e-01
1.400599999999999845e+01,6.938659098223035615e-01
1.402499999999999858e+01,6.948256228751987784e-01
1.404499999999999815e+01,6.952930432549553341e-01
1.406499999999999773e+01,6.949496186216672644e-01
1.408499999999999730e+01,6.942540505035172949e-01
1.408799999999999741e+01,6.941108405408402682e-01
1.410399999999999743e+01,6.933473577978371827e-01
1.412399999999999700e+01,6.927584222159466343e-01
1.414399999999999835e+01,6.931190825014228452e-01
1.416399999999999793e+01,6.940783230896176992e-01
1.418399999999999750e+01,6.955675843894968402e-01
1.420499999999999829e+01,6.965299973453480398e-01
1.422499999999999787e+01,6.965390298782137002e-01
1.424399999999999800e+01,6.955417329533066795e-01
1.424499999999999744e+01,6.954892694565055766e-01
1.426499999999999702e+01,6.939828053767486127e-01
1.428599999999999781e+01,6.928309543286396144e-01
1.430599999999999739e+01,6.923828112318277661e-01
1.432699999999999818e+01,6.923921192828608184e-01
1.434699999999999775e+01,6.921901305736651855e-01
1.436799999999999855e+01,6.912512176493641469e-01
1.438799999999999812e+01,6.896469576775811072e-01
1.440199999999999747e+01,6.885793960618578069e-01
1.440899999999999714e+01,6.880460712674002499e-01
1.442999999999999794e+01,6.877055728947212287e-01
1.445099999999999696e+01,6.881692577594060722e-01
1.447199999999999775e+01,6.892282989156387485e-01
1.449299999999999855e+01,6.898329713455106926e-01
1.451399999999999757e+01,6.893516614618575566e-01
1.453499999999999837e+01,6.882057994870190987e-01
1.455599999999999739e+01,6.869566705847153232e-01
1.456199999999999761e+01,6.867297906859894940e-01
1.457699999999999818e+01,6.861627713346155621e-01
1.459899999999999842e+01,6.857186872003941946e-01
1.461999999999999744e+01,6.852744026821808720e-01
1.464099999999999824e+01,6.845865003184471442e-01
1.466299999999999848e+01,6.832385861577487951e-01
1.468399999999999750e+01,6.819618069292386897e-01
1.470599999999999774e+01,6.811728966724915901e-01
1.472399999999999842e+01,6.811805510530813956e-01
1.472799999999999798e+01,6.811822415969238653e-01
1.474899999999999700e+01,6.819894148551727264e-01
1.477099999999999724e+01,6.835975866906363052e-01
1.479299999999999748e+01,6.846512829812274603e-01
1.481499999999999773e+01,6.849045003274674137e-01
1.483699999999999797e+01,6.847744829853465998e-01
1.485899999999999821e+01,6.849231975603768952e-01
1.488099999999999845e+01,6.858390027374374753e-01
1.488699999999999868e+01,6.863078367099995081e-01
1.490299999999999692e+01,6.875592348848431623e-01
1.492499999999999716e+01,6.896682277776047254e-01
1.494799999999999862e+01,6.910455368582254509e-01
1.496999999999999709e+01,6.907039797984430018e-01
1.499299999999999855e+01,6.891015047582487174e-01
1.501499999999999702e+01,6.876064323966357694e-01
1.503799999999999848e+01,6.868125331247137977e-01
1.505199999999999783e+01,6.865295684264146603e-01
1.505999999999999694e+01,6.863678754384532343e-01
1.508299999999999841e+01,6.861680305316769646e-01
1.510599999999999810e+01,6.861775867684977159e-01
1.512899999999999778e+01,6.862918415951608786e-01
1.515199999999999747e+01,6.868600151878390125e-01
1.517499999999999716e+01,6.874635168832579080e-01
1.519799999999999862e+01,6.883822709413731644e-01
1.521899999999999764e+01,6.892219953652681808e-01
1.522099999999999831e+01,6.893020021792488627e-01
1.524399999999999800e+01,6.900122713109785311e-01
1.526699999999999768e+01,6.907231296443397950e-01
1.529099999999999859e+01,6.912945570088331326e-01
1.531399999999999828e+01,6.914445062789240648e-01
1.533699999999999797e+01,6.907520590366268420e-01
1.536099999999999710e+01,6.889045077532114369e-01
1.538499999999999801e+01,6.862926970779430480e-01
1.538799999999999812e+01,6.860390245245445717e-01
1.540799999999999770e+01,6.843497376129443754e-01
1.543199999999999861e+01,6.843595064552852048e-01
1.545599999999999774e+01,6.863216862664430762e-01
1.547999999999999865e+01,6.889533341468686567e-01
1.550399999999999778e+01,6.904699945085552848e-01
1.552799999999999869e+01,6.896735346292337532e-01
1.555199999999999783e+01,6.874786002882690150e-01
1.555799999999999805e+01,6.870006005842199670e-01
1.557599999999999696e+01,6.855680651382652924e-01
1.560099999999999731e+01,6.845324834655990287e-01
1.562499999999999822e+01,6.850995863338094072e-01
1.564899999999999736e+01,6.865045580420199300e-01
1.567399999999999771e+01,6.878772745355979934e-01
1.569899999999999807e+01,6.886919857695964486e-01
1.572299999999999720e+01,6.892968869502701379e-01
1.573099999999999810e+01,6.896364294147844243e-01
1.574799999999999756e+01,6.903583640894990214e-01
1.577299999999999791e+01,6.918425929258477103e-01
1.579799999999999827e+01,6.939630417238061844e-01
1.582299999999999862e+01,6.960533969838698098e-01
1.584799999999999720e+01,6.980426463628995881e-01
1.587299999999999756e+01,6.990794797431515439e-01
1.589799999999999791e+01,6.988771127482091838e-01
1.590499999999999758e+01,6.984700419765367263e-01
1.592399999999999771e+01,6.973659578198139197e-01
1.594899999999999807e+01,6.945873192048576117e-01
1.597399999999999842e+01,6.915716554919109083e-01
1.599999999999999822e+01,6.888118704856842633e-01
1.602599999999999625e+01,6.871084036164413211e-01
1.605099999999999838e+01,6.860706827679846631e-01
1.607699999999999818e+01,6.862204699306645450e-01
1.608199999999999719e+01,6.863768208944405202e-01
1.610299999999999798e+01,6.870255679210687250e-01
1.612899999999999778e+01,6.887391094102071065e-01
1.615499999999999758e+01,6.907016273520039107e-01
1.618099999999999739e+01,6.926686164017560321e-01
1.620699999999999719e+01,6.940763502223522563e-01
1.623399999999999821e+01,6.947458250816369585e-01
1.625999999999999801e+01,6.943934055282441342e-01
1.628699999999999903e+01,6.930307863023585924e-01
1.631299999999999883e+01,6.907220732825041232e-01
1.633999999999999631e+01,6.883149174000648962e-01
1.636699999999999733e+01,6.870666261756657178e-01
1.639299999999999713e+01,6.876357929814920222e-01
1.641999999999999815e+01,6.902021263748089330e-01
1.644099999999999895e+01,6.926409570000572336e-01
1.644699999999999918e+01,6.933367092426645506e-01
1.647399999999999665e+01,6.956272499648168406e-01
1.650199999999999889e+01,6.967924544773033135e-01
1.652899999999999636e+01,6.969337974226929022e-01
1.655599999999999739e+01,6.967924544773033135e-01
1.658399999999999963e+01,6.970398196833166304e-01
1.661099999999999710e+01,6.974993985919156758e-01
1.662299999999999756e+01,6.976964351734351588e-01
1.663899999999999935e+01,6.979653550567961329e-01
1.666699999999999804e+01,6.978699549931819401e-01
1.669399999999999906e+01,6.974205233914331226e-01
1.672199999999999775e+01,6.969717034912491505e-01
1.674999999999999645e+01,6.970884542446443843e-01
1.677899999999999636e+01,6.978067654811331844e-01
1.680699999999999861e+01,6.981359338103447776e-01
1.683499999999999730e+01,6.972268813433902812e-01
1.686299999999999955e+01,6.952599776268668652e-01
1.689199999999999946e+01,6.937554958545282258e-01
1.691999999999999815e+01,6.941181791374679833e-01
1.694899999999999807e+01,6.970577510007048838e-01
1.697799999999999798e+01,7.013559849066766105e-01
1.699399999999999622e+01,7.036971967271944406e-01
1.700699999999999790e+01,7.056040109416502615e-01
1.703599999999999781e+01,7.079738270718446413e-01
1.706499999999999773e+01,7.079848654224095705e-01
1.709399999999999764e+01,7.059940182319401902e-01
1.712299999999999756e+01,7.032953841635990466e-01
1.715299999999999869e+01,7.014220075839713298e-01
1.718199999999999861e+01,7.013263804753064878e-01
1.721199999999999619e+01,7.024037437128209937e-01
1.724099999999999966e+01,7.033396511123346517e-01
1.727099999999999724e+01,7.027813824447917135e-01
1.730099999999999838e+01,7.004474831140846680e-01
1.733099999999999952e+01,6.977659512973479750e-01
1.736099999999999710e+01,6.954453599134708952e-01
1.737299999999999756e+01,6.948431501790399700e-01
1.739099999999999824e+01,6.939340055178997435e-01
1.742199999999999704e+01,6.919639425930976806e-01
1.745199999999999818e+01,6.895426992900214325e-01
1.748299999999999699e+01,6.877224767207223977e-01
1.751299999999999812e+01,6.885271004557881325e-01
1.754399999999999693e+01,6.918585299173281022e-01
1.756499999999999773e+01,6.942896839066459158e-01
1.757499999999999929e+01,6.954569847027225471e-01
1.760599999999999810e+01,6.973513301892466654e-01
1.763699999999999690e+01,6.967728285274022992e-01
1.766799999999999926e+01,6.953123448812011942e-01
1.769899999999999807e+01,6.943827147757025697e-01
1.772999999999999687e+01,6.945459982330692839e-01
1.775999999999999801e+01,6.948650413938883830e-01
1.776199999999999690e+01,6.948848747718496810e-01
1.779399999999999693e+01,6.954844972322440366e-01
1.782499999999999929e+01,6.970030371782005574e-01
1.785699999999999932e+01,7.004738082235871799e-01
1.788899999999999935e+01,7.056344825101418250e-01
1.792099999999999937e+01,7.104665476710018135e-01
1.795299999999999940e+01,7.128385050181162974e-01
1.795699999999999719e+01,7.126814860796660822e-01
1.798599999999999710e+01,7.115648837046266717e-01
1.801799999999999713e+01,7.072145349569383121e-01
1.805099999999999838e+01,7.023169739916962362e-01
1.808299999999999841e+01,6.990740982257451774e-01
1.811599999999999966e+01,6.984953942951045436e-01
1.814899999999999736e+01,7.003974748659471672e-01
1.815599999999999881e+01,7.009747015924071567e-01
1.818199999999999861e+01,7.031126133694650671e-01
1.821499999999999631e+01,7.051198273885237455e-01
1.824799999999999756e+01,7.049887711863752626e-01
1.828199999999999648e+01,7.031477851615663965e-01
1.831499999999999773e+01,7.005646320776637292e-01
1.834899999999999665e+01,6.983787612735560257e-01
1.835799999999999699e+01,6.979668142758475025e-01
1.838199999999999790e+01,6.968691943617382201e-01
1.841599999999999682e+01,6.957154459503662736e-01
1.844999999999999929e+01,6.949157812395063694e-01
1.848399999999999821e+01,6.945749721707156210e-01
1.851899999999999835e+01,6.950454474544549566e-01
1.855299999999999727e+01,6.964691375917109184e-01
1.856099999999999639e+01,6.970123737886125825e-01
1.858699999999999974e+01,6.987890180307896326e-01
1.862199999999999633e+01,7.014026741397815234e-01
1.865699999999999648e+01,7.037747792153976611e-01
1.869199999999999662e+01,7.049753489944942109e-01
1.872699999999999676e+01,7.052136198947792645e-01
1.876199999999999690e+01,7.045601007615397426e-01
1.876699999999999946e+01,7.043241812444090977e-01
1.879699999999999704e+01,7.028892983999476263e-01
1.883199999999999719e+01,7.002242038298432947e-01
1.886799999999999855e+01,6.966126547760002063e-01
1.890399999999999636e+01,6.930160229581319165e-01
1.893899999999999650e+01,6.904510956047029691e-01
1.897499999999999787e+01,6.905563537140878561e-01
1.901099999999999923e+01,6.936031259746278099e-01
1.904799999999999827e+01,6.988549792979340536e-01
1.908399999999999963e+01,7.034610996260800553e-01
1.911999999999999744e+01,7.047683787309433345e-01
1.915699999999999648e+01,7.018379597913185775e-01
1.918599999999999639e+01,6.974662612858811839e-01
1.919399999999999906e+01,6.962614171932679508e-01
1.923099999999999810e+01,6.918695741671583299e-01
1.926799999999999713e+01,6.925848748429381807e-01
1.930499999999999972e+01,6.992348380219522985e-01
1.934199999999999875e+01,7.084035354496552861e-01
1.937999999999999901e+01,7.156082131784381462e-01
1.939899999999999736e+01,7.165421700279732686e-01
1.941699999999999804e+01,7.174278166202182616e-01
1.945499999999999829e+01,7.144427750855988357e-01
1.949299999999999855e+01,7.090272172705243126e-01
1.953099999999999881e+01,7.026832484650974431e-01
1.956899999999999906e+01,6.960668355791064243e-01
1.960799999999999699e+01,6.879598976168246338e-01
1.961399999999999721e+01,6.865433334773388685e-01
1.964599999999999724e+01,6.790376731050937753e-01
1.968499999999999872e+01,6.712391109279212120e-01
1.972399999999999665e+01,6.659970854423614695e-01
1.976299999999999812e+01,6.631965195626616794e-01
1.980199999999999960e+01,6.606762745514850321e-01
1.983099999999999952e+01,6.572004372586165433e-01
1.984099999999999753e+01,6.559991556358168996e-01
1.988099999999999667e+01,6.500259265403351971e-01
1.991999999999999815e+01,6.454250065400994885e-01
1.995999999999999730e+01,6.448932564451660410e-01
1.999999999999999645e+01,6.491570867463339889e-01
2.003999999999999915e+01,6.563360284362814712e-01
2.005099999999999838e+01,6.586279013831560780e-01
2.007999999999999829e+01,6.647183537382598262e-01
2.012099999999999866e+01,6.731935437045963866e-01
2.016099999999999781e+01,6.816502706534066647e-01
2.020199999999999818e+01,6.897015639014373312e-01
2.024299999999999855e+01,6.973689414521190288e-01
2.027299999999999969e+01,7.020851218975709962e-01
2.028399999999999892e+01,7.038206860506113216e-01
2.032499999999999929e+01,7.070236890311627498e-01
2.036699999999999733e+01,7.058709383295302953e-01
2.040799999999999770e+01,6.995621487677728956e-01
2.044999999999999929e+01,6.907679197776860347e-01
2.049199999999999733e+01,6.819579828593532733e-01
2.049799999999999756e+01,6.808653994196314230e-01
2.053399999999999892e+01,6.743174308737118761e-01
2.057599999999999696e+01,6.666395442009328542e-01
2.061899999999999977e+01,6.578155799259935987e-01
2.066099999999999781e+01,6.485510980396571590e-01
2.070399999999999707e+01,6.425323663089606008e-01
2.072599999999999909e+01,6.425832167182679022e-01
2.074699999999999633e+01,6.426436081642481479e-01
2.078999999999999915e+01,6.489213989072032396e-01
2.083299999999999841e+01,6.584515179421863706e-01
2.087699999999999889e+01,6.691200367955615347e-01
2.092099999999999937e+01,6.804813604834654139e-01
2.095599999999999952e+01,6.923002932883035587e-01
2.096399999999999864e+01,6.950198200402668558e-01
2.100799999999999912e+01,7.122270331085712725e-01
2.105299999999999727e+01,7.280143278477639868e-01
2.109699999999999775e+01,7.355138061413767359e-01
2.114199999999999946e+01,7.301769773888197035e-01
2.118599999999999639e+01,7.139194672787821938e-01
2.118799999999999883e+01,7.130116349099284712e-01
2.123099999999999810e+01,6.937411446261356751e-01
2.127699999999999747e+01,6.755391201407053847e-01
2.132199999999999918e+01,6.619506621386122003e-01
2.136799999999999855e+01,6.551847776704505799e-01
2.141299999999999670e+01,6.569619537225999117e-01
2.142299999999999827e+01,6.589054357779539073e-01
2.145899999999999963e+01,6.659398869757469086e-01
2.150499999999999901e+01,6.763609907625408590e-01
2.155199999999999960e+01,6.804713282102033967e-01
2.159799999999999898e+01,6.746899681012865635e-01
2.164499999999999957e+01,6.615560341858004456e-01
2.166099999999999781e+01,6.569825559110192836e-01
2.169199999999999662e+01,6.481763121619784629e-01
2.173899999999999721e+01,6.394155976208770742e-01
2.178599999999999781e+01,6.378988484003291770e-01
2.183399999999999963e+01,6.445476365250133455e-01
2.188199999999999790e+01,6.587886041500723433e-01
2.190099999999999980e+01,6.654652900598909682e-01
2.192999999999999972e+01,6.757765705954550395e-01
2.197799999999999798e+01,6.866708729599910743e-01
2.202599999999999980e+01,6.861044259699335957e-01
2.207499999999999929e+01,6.757544831340880354e-01
2.212399999999999878e+01,6.650526816947541775e-01
2.214399999999999835e+01,6.638690006299111657e-01
2.217299999999999827e+01,6.621396913979369359e-01
2.222199999999999775e+01,6.698801423326473659e-01
2.227199999999999847e+01,6.840092218254643086e-01
2.232099999999999795e+01,6.979861928055010045e-01
2.237099999999999866e+01,7.083135707548354754e-01
2.238899999999999935e+01,7.101866785327959342e-01
2.242199999999999704e+01,7.136500927822944096e-01
2.247199999999999775e+01,7.144000835650728964e-01
2.252299999999999969e+01,7.112252274684746078e-01
2.257299999999999685e+01,7.048795052755614243e-01
2.262399999999999878e+01,6.963858370179968338e-01
2.263799999999999812e+01,6.931079459204014803e-01
2.267599999999999838e+01,6.842622935916419236e-01
2.272699999999999676e+01,6.680201123273178387e-01
2.277899999999999991e+01,6.503462989303212538e-01
2.283099999999999952e+01,6.371191141395435853e-01
2.288299999999999912e+01,6.345365383306623697e-01
2.288899999999999935e+01,6.355414491763828888e-01
2.293599999999999994e+01,6.434573182336124075e-01
2.298899999999999721e+01,6.572556896117309755e-01
2.304099999999999682e+01,6.656462625123339416e-01
2.309499999999999886e+01,6.640940520898765964e-01
2.314199999999999946e+01,6.573753914888733618e-01
2.314799999999999969e+01,6.565231377596187912e-01
2.320199999999999818e+01,6.502371318064751327e-01
2.325599999999999667e+01,6.494955816819923955e-01
2.330999999999999872e+01,6.527383465852335531e-01
2.336399999999999721e+01,6.560614925099620409e-01
2.339899999999999736e+01,6.566586849769173728e-01
2.341899999999999693e+01,6.569949173222741079e-01
2.347399999999999665e+01,6.568740147659170026e-01
2.352899999999999991e+01,6.587790592255792221e-01
2.358499999999999730e+01,6.642884916779621118e-01
2.364099999999999824e+01,6.718242424962952430e-01
2.365899999999999892e+01,6.742720016002732297e-01
2.369699999999999918e+01,6.794628707694162495e-01
2.375299999999999656e+01,6.866814345233672734e-01
2.380999999999999872e+01,6.954783975623701764e-01
2.386599999999999966e+01,7.070799583534367327e-01
2.392099999999999937e+01,7.179666606245658222e-01
2.392299999999999827e+01,7.183655947979725731e-01
2.398099999999999810e+01,7.235574172487934108e-01
2.403799999999999670e+01,7.197339568480494165e-01
2.409599999999999653e+01,7.088366851443479444e-01
2.415499999999999758e+01,6.978596969654137228e-01
2.418599999999999994e+01,6.966281058290326733e-01
2.421299999999999741e+01,6.955566246984579148e-01
2.427199999999999847e+01,7.077485999704088426e-01
2.433099999999999952e+01,7.301140744998543264e-01
2.438999999999999702e+01,7.450237284553161698e-01
2.444999999999999929e+01,7.335629971173589503e-01
2.445499999999999829e+01,7.303165992162189424e-01
2.450999999999999801e+01,6.953440111590605266e-01
2.456999999999999673e+01,6.510942549572984461e-01
2.463099999999999667e+01,6.249766221358510343e-01
2.469099999999999540e+01,6.271005189857036255e-01
2.472599999999999554e+01,6.409939770112431656e-01
2.475199999999999534e+01,6.514795735932105147e-01
2.481399999999999650e+01,6.819567684395898555e-01
2.487599999999999412e+01,7.041353827850889147e-01
2.493799999999999528e+01,7.151485097410873459e-01
2.499999999999999645e+01,7.186181605744232925e-01
